"No.","Start WITA","Hari","Sport","League","Event","Home Team","Away Team","Status","Venue","Channel Count","All Channels","Streaming Channels","TV Channels","Start UTC","Source Key"
"1","2026-09-27 05:40","Minggu","Fighting","UFC","Montel Jackson - Ricky Simon","Montel Jackson","Ricky Simon","","","4","[US] Paramount+, [US] SN 360, [CA] SN NOW, [CA] Sportsnet+","","[US] Paramount+, [US] SN 360, [CA] SN NOW, [CA] Sportsnet+","2026-09-26T21:40:00.000Z","livesportsontv:1953337"
"2","2026-09-27 06:00","Minggu","Soccer","USL League One","Forward Madison - Spokane Velocity","Forward Madison","Spokane Velocity","","","2","[US] ESPN Select, [US] ESPN Unlimited","[US] ESPN Select, [US] ESPN Unlimited","","2026-09-26T22:00:00.000Z","livesportsontv:1833494"
"3","2026-09-27 06:00","Minggu","Ice Hockey","OHL","Erie Otters - Kitchener Rangers","Erie Otters","Kitchener Rangers","","","1","[US] FloHockey","","[US] FloHockey","2026-09-26T22:00:00.000Z","livesportsontv:1908155"
"4","2026-09-27 06:00","Minggu","Ice Hockey","OHL","Moncton Wildcats - Charlottetown Islanders","Moncton Wildcats","Charlottetown Islanders","","","1","[US] FloHockey","","[US] FloHockey","2026-09-26T22:00:00.000Z","livesportsontv:1908628"
"5","2026-09-27 06:00","Minggu","Ice Hockey","NHL","Florida Panthers - Tampa Bay Lightning","Florida Panthers","Tampa Bay Lightning","","","6","[US] ESPN Select, [US] ESPN Unlimited, [US] Scripps 66, [US] WHDT-TV, [US] The Spot, [US] Show more","[US] ESPN Select, [US] ESPN Unlimited","[US] Scripps 66, [US] WHDT-TV, [US] The Spot, [US] Show more","2026-09-26T22:00:00.000Z","livesportsontv:1933165"
"6","2026-09-27 06:00","Minggu","Fighting","UFC","Elves Brenner - Josiah Harrell","Elves Brenner","Josiah Harrell","","","4","[US] Paramount+, [US] SN 360, [CA] SN NOW, [CA] Sportsnet+","","[US] Paramount+, [US] SN 360, [CA] SN NOW, [CA] Sportsnet+","2026-09-26T22:00:00.000Z","livesportsontv:1953335"
"7","2026-09-27 06:00","Minggu","Fighting","Boxing","Henry Cejudo - Javon Walton","Henry Cejudo","Javon Walton","","","2","[US] DAZN, [CA] DAZN Canada","[US] DAZN, [CA] DAZN Canada","","2026-09-26T22:00:00.000Z","livesportsontv:1971247"
"8","2026-09-27 06:10","Minggu","Ice Hockey","USHL","Muskegon Lumberjacks - USA U18","Muskegon Lumberjacks","USA U18","","","1","[US] FloHockey","","[US] FloHockey","2026-09-26T22:10:00.000Z","livesportsontv:1909379"
"9","2026-09-27 06:30","Minggu","Soccer","NWSL","Washington Spirit - Angel City","Washington Spirit","Angel City","","","1","[US] ION","","[US] ION","2026-09-26T22:30:00.000Z","livesportsontv:1855504"
"10","2026-09-27 06:30","Minggu","Motorsports","Pro Motocross Championship","Ridgedale","","","","","1","[US] Peacock","[US] Peacock","","2026-09-26T22:30:00.000Z","livesportsontv:1952918"
"11","2026-09-27 06:30","Minggu","Fighting","UFC","Rodolfo Bellato - Christian Edwards","Rodolfo Bellato","Christian Edwards","","","4","[US] Paramount+, [US] SN 360, [CA] SN NOW, [CA] Sportsnet+","","[US] Paramount+, [US] SN 360, [CA] SN NOW, [CA] Sportsnet+","2026-09-26T22:30:00.000Z","livesportsontv:1953333"
"12","2026-09-27 06:50","Minggu","Soccer","Liga MX","Cruz Azul - Toluca","Cruz Azul","Toluca","","","3","[US] TUDN, [US] Univision, [US] ViX","","[US] TUDN, [US] Univision, [US] ViX","2026-09-26T22:50:00.000Z","livesportsontv:1900074"
"13","2026-09-27 07:00","Minggu","Soccer","USL League One","Naples - Chattanooga Red Wolves","Naples","Chattanooga Red Wolves","","","2","[US] ESPN Select, [US] ESPN Unlimited","[US] ESPN Select, [US] ESPN Unlimited","","2026-09-26T23:00:00.000Z","livesportsontv:1833493"
"14","2026-09-27 07:00","Minggu","Soccer","USL League One","Greenville Triumph - Union Omaha","Greenville Triumph","Union Omaha","","","2","[US] ESPN Select, [US] ESPN Unlimited","[US] ESPN Select, [US] ESPN Unlimited","","2026-09-26T23:00:00.000Z","livesportsontv:1833495"
"15","2026-09-27 07:00","Minggu","Soccer","USL League One","NY Cosmos - Richmond Kickers","NY Cosmos","Richmond Kickers","","","2","[US] ESPN Select, [US] ESPN Unlimited","[US] ESPN Select, [US] ESPN Unlimited","","2026-09-26T23:00:00.000Z","livesportsontv:1833496"
"16","2026-09-27 07:00","Minggu","Soccer","USL Championship","Charleston Battery - Rhode Island","Charleston Battery","Rhode Island","","","4","[US] ESPN Select, [US] ESPN Unlimited, [US] NESN, [US] NESN Plus","[US] ESPN Select, [US] ESPN Unlimited","[US] NESN, [US] NESN Plus","2026-09-26T23:00:00.000Z","livesportsontv:1836539"
"17","2026-09-27 07:00","Minggu","Soccer","USL Championship","Detroit City - Colorado Springs","Detroit City","Colorado Springs","","","1","[US] CBS Golazo Network","","[US] CBS Golazo Network","2026-09-26T23:00:00.000Z","livesportsontv:1836540"
"18","2026-09-27 07:00","Minggu","Soccer","USL Championship","Indy Eleven - Miami FC","Indy Eleven","Miami FC","","","2","[US] ESPN Select, [US] ESPN Unlimited","[US] ESPN Select, [US] ESPN Unlimited","","2026-09-26T23:00:00.000Z","livesportsontv:1836541"
"19","2026-09-27 07:00","Minggu","Football","CFL","Edmonton Elks - Hamilton Tiger-Cats","Edmonton Elks","Hamilton Tiger-Cats","","","5","[US] CFL+ (US), [CA] TSN+, [CA] TSN1, [CA] TSN3, [CA] TSN 4K","","[US] CFL+ (US), [CA] TSN+, [CA] TSN1, [CA] TSN3, [CA] TSN 4K","2026-09-26T23:00:00.000Z","livesportsontv:1841835"
"20","2026-09-27 07:00","Minggu","Ice Hockey","OHL","Brantford Bulldogs - Kingston Frontenacs","Brantford Bulldogs","Kingston Frontenacs","","","1","[US] FloHockey","","[US] FloHockey","2026-09-26T23:00:00.000Z","livesportsontv:1908156"
"21","2026-09-27 07:00","Minggu","Ice Hockey","OHL","Flint Firebirds - Niagara IceDogs","Flint Firebirds","Niagara IceDogs","","","1","[US] FloHockey","","[US] FloHockey","2026-09-26T23:00:00.000Z","livesportsontv:1908157"
"22","2026-09-27 07:00","Minggu","Ice Hockey","OHL","Owen Sound Attack - Guelph Storm","Owen Sound Attack","Guelph Storm","","","1","[US] FloHockey","","[US] FloHockey","2026-09-26T23:00:00.000Z","livesportsontv:1908158"
"23","2026-09-27 07:00","Minggu","Soccer","USL Super League","Carolina Ascent - Sporting JAX","Carolina Ascent","Sporting JAX","","","1","[US] Peacock","[US] Peacock","","2026-09-26T23:00:00.000Z","livesportsontv:1919990"
"24","2026-09-27 07:00","Minggu","Ice Hockey","NHL","Vancouver Canucks - Seattle Kraken","Vancouver Canucks","Seattle Kraken","","","6","[US] ESPN Select, [US] ESPN Unlimited, [US] KONG, [US] KHN, [US] Prime Video (SEA), [US] Show more","[US] ESPN Select, [US] ESPN Unlimited","[US] KONG, [US] KHN, [US] Prime Video (SEA), [US] Show more","2026-09-26T23:00:00.000Z","livesportsontv:1933166"
"25","2026-09-27 07:00","Minggu","Ice Hockey","NHL","Chicago Blackhawks - St. Louis Blues","Chicago Blackhawks","St. Louis Blues","","","4","[US] Fubo Sports, [US] CHSN Plus, [US] NHL Network, [CA] Sportsnet+","[US] Fubo Sports","[US] CHSN Plus, [US] NHL Network, [CA] Sportsnet+","2026-09-26T23:00:00.000Z","livesportsontv:1933167"
"26","2026-09-27 07:00","Minggu","Ice Hockey","NHL","Detroit Red Wings - Columbus Blue Jackets","Detroit Red Wings","Columbus Blue Jackets","","","4","[US] ESPN Select, [US] ESPN Unlimited, [US] Detroit SportsNet, [CA] Sportsnet+","[US] ESPN Select, [US] ESPN Unlimited","[US] Detroit SportsNet, [CA] Sportsnet+","2026-09-26T23:00:00.000Z","livesportsontv:1933168"
"27","2026-09-27 07:00","Minggu","Ice Hockey","NHL","Montreal Canadiens - Ottawa Senators","Montreal Canadiens","Ottawa Senators","","","6","[US] ESPN Select, [US] ESPN Unlimited, [CA] Sportsnet+, [CA] TSN+, [CA] RDS, [US] Show more","[US] ESPN Select, [US] ESPN Unlimited","[CA] Sportsnet+, [CA] TSN+, [CA] RDS, [US] Show more","2026-09-26T23:00:00.000Z","livesportsontv:1933236"
"28","2026-09-27 07:00","Minggu","Soccer","International Friendly","Canada - Chile","Canada","Chile","","","5","[US] FOX Soccer Plus, [CA] TSN+, [CA] TSN4, [CA] RDS 2, [CA] OneSoccer","","[US] FOX Soccer Plus, [CA] TSN+, [CA] TSN4, [CA] RDS 2, [CA] OneSoccer","2026-09-26T23:00:00.000Z","livesportsontv:1935151"
"29","2026-09-27 07:00","Minggu","Fighting","UFC","Rodolfo Viera - Robert Bryczek","Rodolfo Viera","Robert Bryczek","","","4","[US] Paramount+, [US] SN 360, [CA] SN NOW, [CA] Sportsnet+","","[US] Paramount+, [US] SN 360, [CA] SN NOW, [CA] Sportsnet+","2026-09-26T23:00:00.000Z","livesportsontv:1964760"
"30","2026-09-27 07:00","Minggu","Soccer","CONCACAF Nations League","Antigua and Barbuda - Anguilla","Antigua and Barbuda","Anguilla","","","2","[US] FOX One, [US] Tubi","","[US] FOX One, [US] Tubi","2026-09-26T23:00:00.000Z","livesportsontv:1967407"
"31","2026-09-27 07:00","Minggu","Football","U Sports","Montreal - Laval","Montreal","Laval","","","1","[US] TVA Sports","","[US] TVA Sports","2026-09-26T23:00:00.000Z","livesportsontv:1973037"
"32","2026-09-27 07:00","Minggu","Baseball","Banana Ball","Party Animals - Indianapolis Clowns","Party Animals","Indianapolis Clowns","","","1","[US] Stadium","","[US] Stadium","2026-09-26T23:00:00.000Z","livesportsontv:1973038"
"33","2026-09-27 07:00","Minggu","Fighting","MMA","Flex Fight Series 62","","","","","2","[US] Fubo Sports, [US] fubo Sports Network","[US] Fubo Sports","[US] fubo Sports Network","2026-09-26T23:00:00.000Z","livesportsontv:1973039"
"34","2026-09-27 07:00","Minggu","Fighting","Wrestling","AEW: All Out","","","","","2","[US] DAZN, [CA] DAZN Canada","[US] DAZN, [CA] DAZN Canada","","2026-09-26T23:00:00.000Z","livesportsontv:1974652"
"35","2026-09-27 07:05","Minggu","Ice Hockey","OHL","Peterborough Petes - Ottawa 67s","Peterborough Petes","Ottawa 67s","","","1","[US] FloHockey","","[US] FloHockey","2026-09-26T23:05:00.000Z","livesportsontv:1908159"
"36","2026-09-27 07:05","Minggu","Ice Hockey","OHL","Saginaw Spirit - Windsor Spitfires","Saginaw Spirit","Windsor Spitfires","","","1","[US] FloHockey","","[US] FloHockey","2026-09-26T23:05:00.000Z","livesportsontv:1908160"
"37","2026-09-27 07:05","Minggu","Ice Hockey","USHL","Fargo Force - Waterloo Black Hawks","Fargo Force","Waterloo Black Hawks","","","1","[US] FloHockey","","[US] FloHockey","2026-09-26T23:05:00.000Z","livesportsontv:1909380"
"38","2026-09-27 07:05","Minggu","Ice Hockey","USHL","Omaha Lancers - Des Moines Buccaneers","Omaha Lancers","Des Moines Buccaneers","","","1","[US] FloHockey","","[US] FloHockey","2026-09-26T23:05:00.000Z","livesportsontv:1909381"
"39","2026-09-27 07:05","Minggu","Ice Hockey","USHL","Sioux City - Lincoln Stars","Sioux City","Lincoln Stars","","","1","[US] FloHockey","","[US] FloHockey","2026-09-26T23:05:00.000Z","livesportsontv:1909382"
"40","2026-09-27 07:05","Minggu","Ice Hockey","USHL","Tri-City Storm - Sioux Falls Stampede","Tri-City Storm","Sioux Falls Stampede","","","1","[US] FloHockey","","[US] FloHockey","2026-09-26T23:05:00.000Z","livesportsontv:1909383"
"41","2026-09-27 07:07","Minggu","Soccer","Liga MX","Guadalajara - Querétaro","Guadalajara","Querétaro","","","2","[US] NBC Universo, [US] Telemundo","","[US] NBC Universo, [US] Telemundo","2026-09-26T23:07:00.000Z","livesportsontv:1900071"
"42","2026-09-27 07:07","Minggu","Ice Hockey","OHL","Sault Ste. Marie Greyhounds - North Bay Battalion","Sault Ste. Marie Greyhounds","North Bay Battalion","","","1","[US] FloHockey","","[US] FloHockey","2026-09-26T23:07:00.000Z","livesportsontv:1908161"
"43","2026-09-27 07:10","Minggu","Baseball","MLB","Kansas City Royals - Cleveland Guardians","Kansas City Royals","Cleveland Guardians","","","3","[US] MLB.TV, [US] CleGuardians.TV, [US] Royals.TV","","[US] MLB.TV, [US] CleGuardians.TV, [US] Royals.TV","2026-09-26T23:10:00.000Z","livesportsontv:1889513"
"44","2026-09-27 07:10","Minggu","Baseball","MLB","Chicago White Sox - Colorado Rockies","Chicago White Sox","Colorado Rockies","","","5","[US] MLB.TV, [US] CHSN, [US] Rockies.TV, [US] SN One, [CA] SN NOW","","[US] MLB.TV, [US] CHSN, [US] Rockies.TV, [US] SN One, [CA] SN NOW","2026-09-26T23:10:00.000Z","livesportsontv:1889514"
"45","2026-09-27 07:10","Minggu","Baseball","MLB","Milwaukee Brewers - St. Louis Cardinals","Milwaukee Brewers","St. Louis Cardinals","","","3","[US] MLB.TV, [US] Brewers.TV, [US] Cardinals.TV","","[US] MLB.TV, [US] Brewers.TV, [US] Cardinals.TV","2026-09-26T23:10:00.000Z","livesportsontv:1889515"
"46","2026-09-27 07:15","Minggu","Baseball","MLB","Philadelphia Phillies - Tampa Bay Rays","Philadelphia Phillies","Tampa Bay Rays","","","5","[US] Fubo Sports, [US] MLB.TV, [US] FOX, [US] FOX Deportes, [US] FOX One","[US] Fubo Sports","[US] MLB.TV, [US] FOX, [US] FOX Deportes, [US] FOX One","2026-09-26T23:15:00.000Z","livesportsontv:1889511"
"47","2026-09-27 07:15","Minggu","Soccer","Primera A","Cúcuta Deportivo - Llaneros","Cúcuta Deportivo","Llaneros","","","1","[US] Fanatiz","[US] Fanatiz","","2026-09-26T23:15:00.000Z","livesportsontv:1898826"
"48","2026-09-27 07:15","Minggu","Baseball","MLB","Boston Red Sox - Chicago Cubs","Boston Red Sox","Chicago Cubs","","","2","[US] Marquee, [US] NESN","","[US] Marquee, [US] NESN","2026-09-26T23:15:00.000Z","livesportsontv:1975963"
"49","2026-09-27 07:30","Minggu","Soccer","MLS","Atlanta United - New York City","Atlanta United","New York City","","","1","[US] Apple TV","[US] Apple TV","","2026-09-26T23:30:00.000Z","livesportsontv:1824327"
"50","2026-09-27 07:30","Minggu","Soccer","MLS","Charlotte FC - Chicago Fire","Charlotte FC","Chicago Fire","","","1","[US] Apple TV","[US] Apple TV","","2026-09-26T23:30:00.000Z","livesportsontv:1824328"
"51","2026-09-27 07:30","Minggu","Soccer","MLS","CF Montreal - FC Cincinnati","CF Montreal","FC Cincinnati","","","3","[US] Apple TV, [CA] RDS, [CA] TSN","[US] Apple TV","[CA] RDS, [CA] TSN","2026-09-26T23:30:00.000Z","livesportsontv:1824329"
"52","2026-09-27 07:30","Minggu","Soccer","MLS","New York Red Bulls - St. Louis City","New York Red Bulls","St. Louis City","","","1","[US] Apple TV","[US] Apple TV","","2026-09-26T23:30:00.000Z","livesportsontv:1824330"
"53","2026-09-27 07:30","Minggu","Soccer","MLS","Philadelphia Union - Orlando City","Philadelphia Union","Orlando City","","","1","[US] Apple TV","[US] Apple TV","","2026-09-26T23:30:00.000Z","livesportsontv:1824331"
"54","2026-09-27 07:30","Minggu","Ice Hockey","OHL","Barrie Colts - Oshawa Generals","Barrie Colts","Oshawa Generals","","","1","[US] FloHockey","","[US] FloHockey","2026-09-26T23:30:00.000Z","livesportsontv:1908162"
"55","2026-09-27 07:30","Minggu","Ice Hockey","NHL","New York Islanders - New Jersey Devils","New York Islanders","New Jersey Devils","","","5","[US] ESPN Select, [US] ESPN Unlimited, [US] MSGSN, [US] MSGSN 2, [CA] Sportsnet+","[US] ESPN Select, [US] ESPN Unlimited","[US] MSGSN, [US] MSGSN 2, [CA] Sportsnet+","2026-09-26T23:30:00.000Z","livesportsontv:1933169"
"56","2026-09-27 07:30","Minggu","Fighting","UFC","Brady Hiestand - Rinya Nakamura","Brady Hiestand","Rinya Nakamura","","","4","[US] Paramount+, [US] SN 360, [CA] SN NOW, [CA] Sportsnet+","","[US] Paramount+, [US] SN 360, [CA] SN NOW, [CA] Sportsnet+","2026-09-26T23:30:00.000Z","livesportsontv:1964759"
"57","2026-09-27 07:30","Minggu","Basketball","LNB","Valdivia - Leones Quilpue","Valdivia","Leones Quilpue","","","1","[US] Fanatiz","[US] Fanatiz","","2026-09-26T23:30:00.000Z","livesportsontv:1966063"
"58","2026-09-27 08:00","Minggu","Soccer","Primera Division","Firpo - Águila","Firpo","Águila","","","1","[US] CentroAmérica TV","","[US] CentroAmérica TV","2026-09-27T00:00:00.000Z","livesportsontv:1939307"
"59","2026-09-27 08:00","Minggu","Ice Hockey","OHL","Moose Jaw Warriors - Brandon Wheat Kings","Moose Jaw Warriors","Brandon Wheat Kings","","","1","[US] FloHockey","","[US] FloHockey","2026-09-27T00:00:00.000Z","livesportsontv:1958076"
"60","2026-09-27 08:00","Minggu","Ice Hockey","OHL","Red Deer Rebels - Medicine Hat Tigers","Red Deer Rebels","Medicine Hat Tigers","","","1","[US] FloHockey","","[US] FloHockey","2026-09-27T00:00:00.000Z","livesportsontv:1958077"
"61","2026-09-27 08:00","Minggu","Fighting","UFC","Melissa Amaya - Valesca Machado","Melissa Amaya","Valesca Machado","","","4","[US] Paramount+, [US] SN 360, [CA] SN NOW, [CA] Sportsnet+","","[US] Paramount+, [US] SN 360, [CA] SN NOW, [CA] Sportsnet+","2026-09-27T00:00:00.000Z","livesportsontv:1964762"
"62","2026-09-27 08:00","Minggu","Athletics","Cross-Country Running","Cowboy Jamboree","","","","","2","[US] ESPN Select, [US] ESPN Unlimited","[US] ESPN Select, [US] ESPN Unlimited","","2026-09-27T00:00:00.000Z","livesportsontv:1974653"
"63","2026-09-27 08:00","Minggu","Fighting","Wrestling","AEW All Out","","","","","1","[CA] DAZN Canada","[CA] DAZN Canada","","2026-09-27T00:00:00.000Z","livesportsontv:1974809"
"64","2026-09-27 08:05","Minggu","Ice Hockey","USHL","Cedar Rapids - Dubuque Fighting Saints","Cedar Rapids","Dubuque Fighting Saints","","","1","[US] FloHockey","","[US] FloHockey","2026-09-27T00:05:00.000Z","livesportsontv:1909384"
"65","2026-09-27 08:30","Minggu","Soccer","MLS","Austin - San Diego","Austin","San Diego","","","1","[US] Apple TV","[US] Apple TV","","2026-09-27T00:30:00.000Z","livesportsontv:1824332"
"66","2026-09-27 08:30","Minggu","Soccer","MLS","FC Dallas - Los Angeles FC","FC Dallas","Los Angeles FC","","","1","[US] Apple TV","[US] Apple TV","","2026-09-27T00:30:00.000Z","livesportsontv:1824334"
"67","2026-09-27 08:30","Minggu","Soccer","MLS","Houston Dynamo - Sporting Kansas City","Houston Dynamo","Sporting Kansas City","","","1","[US] Apple TV","[US] Apple TV","","2026-09-27T00:30:00.000Z","livesportsontv:1824335"
"68","2026-09-27 08:30","Minggu","Soccer","MLS","Nashville SC - Toronto FC","Nashville SC","Toronto FC","","","1","[US] Apple TV","[US] Apple TV","","2026-09-27T00:30:00.000Z","livesportsontv:1824337"
"69","2026-09-27 08:30","Minggu","Soccer","MLS","Seattle Sounders - Minnesota United","Seattle Sounders","Minnesota United","","","1","[US] Apple TV","[US] Apple TV","","2026-09-27T00:30:00.000Z","livesportsontv:1824340"
"70","2026-09-27 08:30","Minggu","Soccer","USL League One","Corpus Christi - Boise","Corpus Christi","Boise","","","2","[US] ESPN Select, [US] ESPN Unlimited","[US] ESPN Select, [US] ESPN Unlimited","","2026-09-27T00:30:00.000Z","livesportsontv:1833492"
"71","2026-09-27 08:30","Minggu","Soccer","USL Championship","San Antonio FC - Tampa Bay Rowdies","San Antonio FC","Tampa Bay Rowdies","","","3","[US] ESPN Select, [US] ESPN Unlimited, [US] Tampa Bay 44","[US] ESPN Select, [US] ESPN Unlimited","[US] Tampa Bay 44","2026-09-27T00:30:00.000Z","livesportsontv:1836546"
"72","2026-09-27 08:30","Minggu","Fighting","UFC","Mehemmedali Osmanli - Ilimbek Akylbek Uule","Mehemmedali Osmanli","Ilimbek Akylbek Uule","","","4","[US] Paramount+, [US] SN 360, [CA] SN NOW, [CA] Sportsnet+","","[US] Paramount+, [US] SN 360, [CA] SN NOW, [CA] Sportsnet+","2026-09-27T00:30:00.000Z","livesportsontv:1964761"
"73","2026-09-27 08:40","Minggu","Baseball","MLB","San Diego Padres - Arizona Diamondbacks","San Diego Padres","Arizona Diamondbacks","","","3","[US] MLB.TV, [US] Padres.TV, [US] Dbacks.TV","","[US] MLB.TV, [US] Padres.TV, [US] Dbacks.TV","2026-09-27T00:40:00.000Z","livesportsontv:1889517"
"74","2026-09-27 08:45","Minggu","Soccer","NWSL","Portland Thorns - Houston Dash","Portland Thorns","Houston Dash","","","1","[US] ION","","[US] ION","2026-09-27T00:45:00.000Z","livesportsontv:1855505"
"75","2026-09-27 09:00","Minggu","Soccer","USL Championship","New Mexico United - Sacramento Republic","New Mexico United","Sacramento Republic","","","2","[US] ESPN Select, [US] ESPN Unlimited","[US] ESPN Select, [US] ESPN Unlimited","","2026-09-27T01:00:00.000Z","livesportsontv:1836543"
"76","2026-09-27 09:00","Minggu","Ice Hockey","OHL","Portland Winterhawks - Kamloops Blazers","Portland Winterhawks","Kamloops Blazers","","","1","[US] FloHockey","","[US] FloHockey","2026-09-27T01:00:00.000Z","livesportsontv:1908588"
"77","2026-09-27 09:00","Minggu","Ice Hockey","NHL","Edmonton Oilers - Calgary Flames","Edmonton Oilers","Calgary Flames","","","1","[US] Oilers+","","[US] Oilers+","2026-09-27T01:00:00.000Z","livesportsontv:1933170"
"78","2026-09-27 09:00","Minggu","Soccer","International Friendly","Mexico - Colombia","Mexico","Colombia","","","1","[US] ViX","","[US] ViX","2026-09-27T01:00:00.000Z","livesportsontv:1949210"
"79","2026-09-27 09:00","Minggu","Ice Hockey","OHL","Saskatoon Blades - Prince Albert Raiders","Saskatoon Blades","Prince Albert Raiders","","","1","[US] FloHockey","","[US] FloHockey","2026-09-27T01:00:00.000Z","livesportsontv:1958078"
"80","2026-09-27 09:00","Minggu","Ice Hockey","OHL","Wenatchee Wild - Everett Silvertips","Wenatchee Wild","Everett Silvertips","","","1","[US] FloHockey","","[US] FloHockey","2026-09-27T01:00:00.000Z","livesportsontv:1958079"
"81","2026-09-27 09:00","Minggu","Fighting","UFC","Luis Hernandez - Sedriques Dumas","Luis Hernandez","Sedriques Dumas","","","2","[US] Paramount+, [CA] Sportsnet+","","[US] Paramount+, [CA] Sportsnet+","2026-09-27T01:00:00.000Z","livesportsontv:1975960"
"82","2026-09-27 09:05","Minggu","Ice Hockey","OHL","Seattle Thunderbirds - Prince George Cougars","Seattle Thunderbirds","Prince George Cougars","","","1","[US] FloHockey","","[US] FloHockey","2026-09-27T01:05:00.000Z","livesportsontv:1908590"
"83","2026-09-27 09:05","Minggu","Ice Hockey","OHL","Spokane Chiefs - Tri-City Americans","Spokane Chiefs","Tri-City Americans","","","1","[US] FloHockey","","[US] FloHockey","2026-09-27T01:05:00.000Z","livesportsontv:1908591"
"84","2026-09-27 09:05","Minggu","Ice Hockey","OHL","Victoria Royals - Vancouver Giants","Victoria Royals","Vancouver Giants","","","1","[US] FloHockey","","[US] FloHockey","2026-09-27T01:05:00.000Z","livesportsontv:1908592"
"85","2026-09-27 09:05","Minggu","Ice Hockey","OHL","Kelowna Rockets - Penticton Vees","Kelowna Rockets","Penticton Vees","","","1","[US] FloHockey","","[US] FloHockey","2026-09-27T01:05:00.000Z","livesportsontv:1958080"
"86","2026-09-27 09:06","Minggu","Soccer","Liga MX Femenil","Juárez - Tijuana","Juárez","Tijuana","","","2","[US] Estrella TV, [US] WMBC TV 63","","[US] Estrella TV, [US] WMBC TV 63","2026-09-27T01:06:00.000Z","livesportsontv:1935491"
"87","2026-09-27 09:20","Minggu","Soccer","Primera A","Junior - Independiente Medellín","Junior","Independiente Medellín","","","1","[US] Fanatiz","[US] Fanatiz","","2026-09-27T01:20:00.000Z","livesportsontv:1898829"
"88","2026-09-27 09:30","Minggu","Soccer","MLS","Real Salt Lake - New England Revolution","Real Salt Lake","New England Revolution","","","1","[US] Apple TV","[US] Apple TV","","2026-09-27T01:30:00.000Z","livesportsontv:1824338"
"89","2026-09-27 09:30","Minggu","Fighting","UFC","Norma Dumont - Ailin Perez","Norma Dumont","Ailin Perez","","","4","[US] Paramount+, [US] SN 360, [CA] SN NOW, [CA] Sportsnet+","","[US] Paramount+, [US] SN 360, [CA] SN NOW, [CA] Sportsnet+","2026-09-27T01:30:00.000Z","livesportsontv:1953336"
"90","2026-09-27 09:40","Minggu","Baseball","MLB","Athletics - Houston Astros","Athletics","Houston Astros","","","5","[US] MLB.TV, [US] Space City HN, [CA] NBCS CA, [CA] SN NOW, [CA] Sportsnet+","","[US] MLB.TV, [US] Space City HN, [CA] NBCS CA, [CA] SN NOW, [CA] Sportsnet+","2026-09-27T01:40:00.000Z","livesportsontv:1889518"
"91","2026-09-27 09:40","Minggu","Baseball","MLB","Seattle Mariners - Los Angeles Angels","Seattle Mariners","Los Angeles Angels","","","3","[US] MLB.TV, [US] Mariners.TV, [US] ABTV","","[US] MLB.TV, [US] Mariners.TV, [US] ABTV","2026-09-27T01:40:00.000Z","livesportsontv:1889519"
"92","2026-09-27 10:00","Minggu","Soccer","USL Championship","Monterey Bay - Lexington","Monterey Bay","Lexington","","","2","[US] ESPN Select, [US] ESPN Unlimited","[US] ESPN Select, [US] ESPN Unlimited","","2026-09-27T02:00:00.000Z","livesportsontv:1836542"
"93","2026-09-27 10:00","Minggu","Soccer","USL Championship","Oakland Roots - Phoenix Rising","Oakland Roots","Phoenix Rising","","","4","[US] Fubo Sports, [US] ESPN Select, [US] ESPN Unlimited, [US] FOX","[US] Fubo Sports, [US] ESPN Select, [US] ESPN Unlimited","[US] FOX","2026-09-27T02:00:00.000Z","livesportsontv:1836544"
"94","2026-09-27 10:00","Minggu","Soccer","USL Championship","Orange County SC - Pittsburgh Riverhounds","Orange County SC","Pittsburgh Riverhounds","","","2","[CA] SportsNet Pittsburgh, [US] CBS Golazo Network","","[CA] SportsNet Pittsburgh, [US] CBS Golazo Network","2026-09-27T02:00:00.000Z","livesportsontv:1836545"
"95","2026-09-27 10:00","Minggu","Ice Hockey","NHL","Vegas Golden Knights - San Jose Sharks","Vegas Golden Knights","San Jose Sharks","","","5","[US] Fubo Sports, [US] NHL Network, [US] Scripps 66, [CA] Sportsnet, [CA] SN NOW","[US] Fubo Sports","[US] NHL Network, [US] Scripps 66, [CA] Sportsnet, [CA] SN NOW","2026-09-27T02:00:00.000Z","livesportsontv:1933171"
"96","2026-09-27 10:00","Minggu","Fighting","UFC","Raul Rosas Jr - Raoni Barcelos","Raul Rosas Jr","Raoni Barcelos","","","4","[US] Paramount+, [US] SN 360, [CA] SN NOW, [CA] Sportsnet+","","[US] Paramount+, [US] SN 360, [CA] SN NOW, [CA] Sportsnet+","2026-09-27T02:00:00.000Z","livesportsontv:1953338"
"97","2026-09-27 10:00","Minggu","Motorsports","FIA World Endurance Championship","6 Hours of Fuji","","","","","3","[US] Sling TV, [US] HBO Max, [US] FloRacing","[US] Sling TV","[US] HBO Max, [US] FloRacing","2026-09-27T02:00:00.000Z","livesportsontv:1962334"
"98","2026-09-27 10:00","Minggu","Soccer","CONCACAF Nations League","Sint Maarten - Belize","Sint Maarten","Belize","","","1","[US] FOX Soccer Plus","","[US] FOX Soccer Plus","2026-09-27T02:00:00.000Z","livesportsontv:1967408"
"99","2026-09-27 10:05","Minggu","Baseball","Minor League Baseball","Rochester Red Wings - Oklahoma City Baseball Club","Rochester Red Wings","Oklahoma City Baseball Club","","","3","[US] MLB Network, [US] Bally Sports Live, [US] MiLB.TV","","[US] MLB Network, [US] Bally Sports Live, [US] MiLB.TV","2026-09-27T02:05:00.000Z","livesportsontv:1975827"
"100","2026-09-27 10:30","Minggu","Soccer","MLS","Los Angeles Galaxy - Colorado Rapids","Los Angeles Galaxy","Colorado Rapids","","","1","[US] Apple TV","[US] Apple TV","","2026-09-27T02:30:00.000Z","livesportsontv:1824336"
"101","2026-09-27 10:30","Minggu","Soccer","MLS","San Jose Earthquakes - Portland Timbers","San Jose Earthquakes","Portland Timbers","","","1","[US] Apple TV","[US] Apple TV","","2026-09-27T02:30:00.000Z","livesportsontv:1824339"
"102","2026-09-27 10:30","Minggu","Soccer","MLS","Vancouver Whitecaps - D.C. United","Vancouver Whitecaps","D.C. United","","","1","[US] Apple TV","[US] Apple TV","","2026-09-27T02:30:00.000Z","livesportsontv:1824341"
"103","2026-09-27 11:05","Minggu","Soccer","Liga MX","Santos Laguna - Pachuca","Santos Laguna","Pachuca","","","1","[US] UniMás","","[US] UniMás","2026-09-27T03:05:00.000Z","livesportsontv:1900072"
"104","2026-09-27 11:05","Minggu","Rugby League","NRLW","Gold Coast Titans W - Brisbane Broncos W","Gold Coast Titans W","Brisbane Broncos W","","","3","[US] Fubo Sports, [US] FOX Sports 2, [US] FOX One","[US] Fubo Sports","[US] FOX Sports 2, [US] FOX One","2026-09-27T03:05:00.000Z","livesportsontv:1972475"
"105","2026-09-27 11:10","Minggu","Soccer","Liga MX","Tigres UANL - Puebla","Tigres UANL","Puebla","","","5","[US] Estrella TV, [US] FOX Deportes, [US] NBC Universo, [US] Telemundo, [US] WMBC TV 63","","[US] Estrella TV, [US] FOX Deportes, [US] NBC Universo, [US] Telemundo, [US] WMBC TV 63","2026-09-27T03:10:00.000Z","livesportsontv:1900073"
"106","2026-09-27 13:00","Minggu","Baseball","NPB","Fukuoka - Orix Buffaloes","Fukuoka","Orix Buffaloes","","","3","[US] Prime Video, [US] Next Level Sports, [US] Ryz Sports Network","","[US] Prime Video, [US] Next Level Sports, [US] Ryz Sports Network","2026-09-27T05:00:00.000Z","livesportsontv:1842566"
"107","2026-09-27 13:00","Minggu","Tennis","ATP","Chengdu Open","","","","","1","[CA] TSN+","","[CA] TSN+","2026-09-27T05:00:00.000Z","livesportsontv:1971773"
"108","2026-09-27 13:05","Minggu","Aus Football","AFL Women","Sydney Swans - Brisbane Lions","Sydney Swans","Brisbane Lions","","","2","[US] Fubo Sports, [US] FOX Soccer Plus","[US] Fubo Sports","[US] FOX Soccer Plus","2026-09-27T05:05:00.000Z","livesportsontv:1973655"
"109","2026-09-27 13:30","Minggu","Tennis","ATP","Hangzhou Open","","","","","2","[US] Tennis Channel, [CA] TSN+","","[US] Tennis Channel, [CA] TSN+","2026-09-27T05:30:00.000Z","livesportsontv:1971875"
"110","2026-09-27 14:00","Minggu","Rugby League","NRL","Penrith Panthers - Newcastle Knights","Penrith Panthers","Newcastle Knights","","","2","[US] Fubo Sports, [US] FOX Sports 2","[US] Fubo Sports","[US] FOX Sports 2","2026-09-27T06:00:00.000Z","livesportsontv:1972471"
"111","2026-09-27 14:30","Minggu","Tennis","WTA","Korea Open","","","","","1","[CA] DAZN Canada","[CA] DAZN Canada","","2026-09-27T06:30:00.000Z","livesportsontv:1969899"
"112","2026-09-27 15:00","Minggu","Soccer","ASEAN Cup","Hong Kong - Laos","Hong Kong","Laos","","","2","[US] DAZN, [CA] DAZN Canada","[US] DAZN, [CA] DAZN Canada","","2026-09-27T07:00:00.000Z","livesportsontv:1974764"
"113","2026-09-27 15:05","Minggu","Aus Football","AFL Women","Gold Coast Suns - St. Kilda Saints","Gold Coast Suns","St. Kilda Saints","","","2","[US] Fubo Sports, [US] FOX Soccer Plus","[US] Fubo Sports","[US] FOX Soccer Plus","2026-09-27T07:05:00.000Z","livesportsontv:1974674"
"114","2026-09-27 16:00","Minggu","Fighting","Boxing","Takuma Inoue - Tenshin Nasukawa","Takuma Inoue","Tenshin Nasukawa","","","2","[US] DAZN, [CA] DAZN Canada","[US] DAZN, [CA] DAZN Canada","","2026-09-27T08:00:00.000Z","livesportsontv:1973581"
"115","2026-09-27 17:00","Minggu","Tennis","WTA","Singapore Open","","","","","1","[CA] DAZN Canada","[CA] DAZN Canada","","2026-09-27T09:00:00.000Z","livesportsontv:1971244"
"116","2026-09-27 17:00","Minggu","Gymnastics","Acrobatic Gymnastics World Championships","Acrobatic Gymnastics World Championships","","","","","1","[US] Peacock","[US] Peacock","","2026-09-27T09:00:00.000Z","livesportsontv:1974813"
"117","2026-09-27 17:30","Minggu","Tennis","ATP","Hangzhou Open","","","","","1","[US] Tennis Channel","","[US] Tennis Channel","2026-09-27T09:30:00.000Z","livesportsontv:1974804"
"118","2026-09-27 18:00","Minggu","Basketball","ACB","Breogan - Joventut Badalona","Breogan","Joventut Badalona","","","2","[US] DAZN, [CA] DAZN Canada","[US] DAZN, [CA] DAZN Canada","","2026-09-27T10:00:00.000Z","livesportsontv:1949901"
"119","2026-09-27 18:00","Minggu","Soccer","ASEAN Cup","Cambodia - Myanmar","Cambodia","Myanmar","","","2","[US] DAZN, [CA] DAZN Canada","[US] DAZN, [CA] DAZN Canada","","2026-09-27T10:00:00.000Z","livesportsontv:1974765"
"120","2026-09-27 18:30","Minggu","Basketball","ACB","San Pablo Burgos - Saski Baskonia","San Pablo Burgos","Saski Baskonia","","","2","[US] DAZN, [CA] DAZN Canada","[US] DAZN, [CA] DAZN Canada","","2026-09-27T10:30:00.000Z","livesportsontv:1949902"
"121","2026-09-27 19:00","Minggu","Soccer","Serie A Women","Inter Milan - Fiorentina","Inter Milan","Fiorentina","","","3","[US] DAZN, [US] FOX Soccer Plus, [CA] DAZN Canada","[US] DAZN, [CA] DAZN Canada","[US] FOX Soccer Plus","2026-09-27T11:00:00.000Z","livesportsontv:1939732"
"122","2026-09-27 19:00","Minggu","Basketball","ACB","Tenerife - Basket Zaragoza","Tenerife","Basket Zaragoza","","","2","[US] DAZN, [CA] DAZN Canada","[US] DAZN, [CA] DAZN Canada","","2026-09-27T11:00:00.000Z","livesportsontv:1949903"
"123","2026-09-27 19:00","Minggu","Tennis","Laver Cup","Laver Cup","","","","","2","[CA] TSN+, [CA] TSN5","","[CA] TSN+, [CA] TSN5","2026-09-27T11:00:00.000Z","livesportsontv:1969900"
"124","2026-09-27 19:00","Minggu","Tennis","ATP","Chengdu Open","","","","","1","[US] Tennis Channel","","[US] Tennis Channel","2026-09-27T11:00:00.000Z","livesportsontv:1974834"
"125","2026-09-27 19:30","Minggu","Tennis","ATP","Hangzhou Open","","","","","1","[US] Tennis Channel","","[US] Tennis Channel","2026-09-27T11:30:00.000Z","livesportsontv:1974806"
"126","2026-09-27 19:45","Minggu","Rugby Union","WXV Global Series Women","Ireland - Japan","Ireland","Japan","","","1","[US] Paramount+","","[US] Paramount+","2026-09-27T11:45:00.000Z","livesportsontv:1974835"
"127","2026-09-27 20:00","Minggu","Soccer","LaLiga2","Real Valladolid - Córdoba","Real Valladolid","Córdoba","","","2","[US] ESPN Select, [US] ESPN Unlimited","[US] ESPN Select, [US] ESPN Unlimited","","2026-09-27T12:00:00.000Z","livesportsontv:1918234"
"128","2026-09-27 20:00","Minggu","Soccer","Women's Super League","Manchester United - West Ham United","Manchester United","West Ham United","","","5","[US] Fubo Sports, [US] Paramount+, [US] CBSSN, [US] SN One, [CA] SN NOW","[US] Fubo Sports","[US] Paramount+, [US] CBSSN, [US] SN One, [CA] SN NOW","2026-09-27T12:00:00.000Z","livesportsontv:1937415"
"129","2026-09-27 21:00","Minggu","Soccer","UEFA Nations League","Lithuania - Azerbaijan","Lithuania","Azerbaijan","","","3","[US] Fubo Sports, [US] FOX Sports 2, [CA] DAZN Canada","[US] Fubo Sports, [CA] DAZN Canada","[US] FOX Sports 2","2026-09-27T13:00:00.000Z","livesportsontv:1907804"
"130","2026-09-27 21:00","Minggu","Soccer","Women's Super League","Birmingham City - Crystal Palace","Birmingham City","Crystal Palace","","","3","[US] Paramount+, [CA] SN NOW, [CA] Sportsnet+","","[US] Paramount+, [CA] SN NOW, [CA] Sportsnet+","2026-09-27T13:00:00.000Z","livesportsontv:1937416"
"131","2026-09-27 21:00","Minggu","Soccer","Women's Super League","Liverpool - Everton","Liverpool","Everton","","","4","[US] Paramount+, [US] CBS Golazo Network, [CA] SN NOW, [CA] Sportsnet+","","[US] Paramount+, [US] CBS Golazo Network, [CA] SN NOW, [CA] Sportsnet+","2026-09-27T13:00:00.000Z","livesportsontv:1937417"
"132","2026-09-27 21:00","Minggu","Soccer","Women's Super League","Tottenham Hotspur - Aston Villa","Tottenham Hotspur","Aston Villa","","","3","[US] Paramount+, [CA] SN NOW, [CA] Sportsnet+","","[US] Paramount+, [CA] SN NOW, [CA] Sportsnet+","2026-09-27T13:00:00.000Z","livesportsontv:1937418"
"133","2026-09-27 21:00","Minggu","Soccer","Serie A Women","Sassuolo - Roma","Sassuolo","Roma","","","3","[US] DAZN, [US] FOX Soccer Plus, [CA] DAZN Canada","[US] DAZN, [CA] DAZN Canada","[US] FOX Soccer Plus","2026-09-27T13:00:00.000Z","livesportsontv:1939735"
"134","2026-09-27 21:00","Minggu","Cycling","Men's Road Cycling","Road World Championships","","","","","2","[US] FloSports, [CA] CBC Gem","","[US] FloSports, [CA] CBC Gem","2026-09-27T13:00:00.000Z","livesportsontv:1971245"
"135","2026-09-27 21:00","Minggu","Soccer","DFB Pokal Women","Borussia M'gladbach - Bayern München","Borussia M'gladbach","Bayern München","","","2","[US] DAZN, [CA] DAZN Canada","[US] DAZN, [CA] DAZN Canada","","2026-09-27T13:00:00.000Z","livesportsontv:1971275"
"136","2026-09-27 21:00","Minggu","Gymnastics","Acrobatic Gymnastics World Championships","Acrobatic Gymnastics World Championships","","","","","1","[US] Peacock","[US] Peacock","","2026-09-27T13:00:00.000Z","livesportsontv:1974839"
"137","2026-09-27 22:00","Minggu","Rugby Union","Premiership Rugby","Leicester Tigers - Saracens","Leicester Tigers","Saracens","","","3","[CA] SN World, [CA] SN NOW, [CA] Sportsnet+","","[CA] SN World, [CA] SN NOW, [CA] Sportsnet+","2026-09-27T14:00:00.000Z","livesportsontv:1936399"
"138","2026-09-27 22:00","Minggu","Basketball","Super League Basketball","Manchester Basketball - Surrey 89ers","Manchester Basketball","Surrey 89ers","","","2","[US] DAZN, [CA] DAZN Canada","[US] DAZN, [CA] DAZN Canada","","2026-09-27T14:00:00.000Z","livesportsontv:1955088"
"139","2026-09-27 22:15","Minggu","Soccer","LaLiga2","Mallorca - Almería","Mallorca","Almería","","","4","[US] Fubo Sports, [US] ESPN Select, [US] ESPN Unlimited, [US] ESPN Deportes","[US] Fubo Sports, [US] ESPN Select, [US] ESPN Unlimited","[US] ESPN Deportes","2026-09-27T14:15:00.000Z","livesportsontv:1918231"
"140","2026-09-27 23:00","Minggu","Basketball","ACB","Basquet Girona - Murcia","Basquet Girona","Murcia","","","2","[US] DAZN, [CA] DAZN Canada","[US] DAZN, [CA] DAZN Canada","","2026-09-27T15:00:00.000Z","livesportsontv:1949904"
"141","2026-09-27 23:00","Minggu","Basketball","Super League Basketball","London Lions - Liverpool","London Lions","Liverpool","","","2","[US] DAZN, [CA] DAZN Canada","[US] DAZN, [CA] DAZN Canada","","2026-09-27T15:00:00.000Z","livesportsontv:1955089"
"142","2026-09-27 23:00","Minggu","Basketball","Super League Basketball","Sheffield Sharks - Caledonia Gladiators","Sheffield Sharks","Caledonia Gladiators","","","2","[US] DAZN, [CA] DAZN Canada","[US] DAZN, [CA] DAZN Canada","","2026-09-27T15:00:00.000Z","livesportsontv:1955090"
"143","2026-09-27 23:30","Minggu","Soccer","Women's Super League","Chelsea Women - Arsenal","Chelsea Women","Arsenal","","","4","[US] Paramount+, [US] CBS Golazo Network, [US] SN One, [CA] SN NOW","","[US] Paramount+, [US] CBS Golazo Network, [US] SN One, [CA] SN NOW","2026-09-27T15:30:00.000Z","livesportsontv:1937419"
"144","2026-09-28 00:00","Senin","Soccer","UEFA Nations League","Gibraltar - Andorra","Gibraltar","Andorra","","","1","[CA] DAZN Canada","[CA] DAZN Canada","","2026-09-27T16:00:00.000Z","livesportsontv:1907805"
"145","2026-09-28 00:00","Senin","Soccer","UEFA Nations League","Austria - Kosovo","Austria","Kosovo","","","1","[CA] DAZN Canada","[CA] DAZN Canada","","2026-09-27T16:00:00.000Z","livesportsontv:1907822"
"146","2026-09-28 00:00","Senin","Soccer","UEFA Nations League","Denmark - Wales","Denmark","Wales","","","3","[US] Fubo Sports, [US] fubo Sports Network, [CA] DAZN Canada","[US] Fubo Sports, [CA] DAZN Canada","[US] fubo Sports Network","2026-09-27T16:00:00.000Z","livesportsontv:1907870"
"147","2026-09-28 00:00","Senin","Soccer","UEFA Nations League","Serbia - Netherlands","Serbia","Netherlands","","","3","[US] Fubo Sports, [US] FOX Sports 2, [CA] DAZN Canada","[US] Fubo Sports, [CA] DAZN Canada","[US] FOX Sports 2","2026-09-27T16:00:00.000Z","livesportsontv:1907871"
"148","2026-09-28 00:00","Senin","Basketball","BBL","Ratiopharm Ulm - Würzburg","Ratiopharm Ulm","Würzburg","","","1","[US] NBA TV","","[US] NBA TV","2026-09-27T16:00:00.000Z","livesportsontv:1939939"
"149","2026-09-28 00:00","Senin","Basketball","ACB","Valencia - Forca Lleida","Valencia","Forca Lleida","","","2","[US] DAZN, [CA] DAZN Canada","[US] DAZN, [CA] DAZN Canada","","2026-09-27T16:00:00.000Z","livesportsontv:1949905"
"150","2026-09-28 00:00","Senin","Soccer","Women's College Soccer","Maryland - UCLA","Maryland","UCLA","","","1","[US] Big Ten Plus","","[US] Big Ten Plus","2026-09-27T16:00:00.000Z","livesportsontv:1959648"
"151","2026-09-28 00:00","Senin","Soccer","Women's College Soccer","Ohio State - Iowa","Ohio State","Iowa","","","1","[US] Big Ten Plus","","[US] Big Ten Plus","2026-09-27T16:00:00.000Z","livesportsontv:1959649"
"152","2026-09-28 00:00","Senin","Volleyball","Women's College Volleyball","Michigan - Washington","Michigan","Washington","","","1","[US] Big Ten Network","","[US] Big Ten Network","2026-09-27T16:00:00.000Z","livesportsontv:1959658"
"153","2026-09-28 00:00","Senin","Soccer","Women's College Soccer","University of Delaware - Missouri State","University of Delaware","Missouri State","","","2","[US] ESPN Select, [US] ESPN Unlimited","[US] ESPN Select, [US] ESPN Unlimited","","2026-09-27T16:00:00.000Z","livesportsontv:1959945"
"154","2026-09-28 00:00","Senin","Soccer","Women's College Soccer","Louisville - Florida State","Louisville","Florida State","","","2","[US] ESPN Unlimited, [US] ACCN","[US] ESPN Unlimited","[US] ACCN","2026-09-27T16:00:00.000Z","livesportsontv:1959946"
"155","2026-09-28 00:00","Senin","Soccer","Women's College Soccer","Maine - UMass Lowell","Maine","UMass Lowell","","","2","[US] ESPN Select, [US] ESPN Unlimited","[US] ESPN Select, [US] ESPN Unlimited","","2026-09-27T16:00:00.000Z","livesportsontv:1959947"
"156","2026-09-28 00:00","Senin","Soccer","Women's College Soccer","Rice - Tulsa","Rice","Tulsa","","","2","[US] ESPN Select, [US] ESPN Unlimited","[US] ESPN Select, [US] ESPN Unlimited","","2026-09-27T16:00:00.000Z","livesportsontv:1959948"
"157","2026-09-28 00:00","Senin","Soccer","Women's College Soccer","Tennessee - Vanderbilt","Tennessee","Vanderbilt","","","2","[US] ESPN Unlimited, [US] ESPN U","[US] ESPN Unlimited","[US] ESPN U","2026-09-27T16:00:00.000Z","livesportsontv:1959949"
"158","2026-09-28 00:00","Senin","Soccer","Women's College Soccer","UT Rio Grande Valley - Houston Christian","UT Rio Grande Valley","Houston Christian","","","2","[US] ESPN Select, [US] ESPN Unlimited","[US] ESPN Select, [US] ESPN Unlimited","","2026-09-27T16:00:00.000Z","livesportsontv:1959950"
"159","2026-09-28 00:00","Senin","Volleyball","Women's College Volleyball","Temple - Charlotte","Temple","Charlotte","","","2","[US] ESPN Select, [US] ESPN Unlimited","[US] ESPN Select, [US] ESPN Unlimited","","2026-09-27T16:00:00.000Z","livesportsontv:1960013"
"160","2026-09-28 00:00","Senin","Golf","PGA Tour","Presidents Cup","","","","","4","[US] Peacock, [US] NBC, [CA] TSN+, [CA] TSN3","[US] Peacock","[US] NBC, [CA] TSN+, [CA] TSN3","2026-09-27T16:00:00.000Z","livesportsontv:1962197"
"161","2026-09-28 00:00","Senin","Soccer","Women's College Soccer","Campbell - Stony Brook","Campbell","Stony Brook","","","1","[US] FloSports","","[US] FloSports","2026-09-27T16:00:00.000Z","livesportsontv:1967213"
"162","2026-09-28 00:00","Senin","Volleyball","Women's College Volleyball","Bethune-Cookman - Alabama State","Bethune-Cookman","Alabama State","","","1","[US] YouTube","","[US] YouTube","2026-09-27T16:00:00.000Z","livesportsontv:1967242"
"163","2026-09-28 00:00","Senin","Soccer","U20 Women's World Cup","Spain U20 - Korea DPR U20","Spain U20","Korea DPR U20","","","5","[US] Fubo Sports, [US] FOX Soccer Plus, [US] NBC Universo, [CA] TSN+, [CA] TSN2","[US] Fubo Sports","[US] FOX Soccer Plus, [US] NBC Universo, [CA] TSN+, [CA] TSN2","2026-09-27T16:00:00.000Z","livesportsontv:1974616"
"164","2026-09-28 00:00","Senin","Basketball","Men's College Basketball","Virginia - Vanderbilt","Virginia","Vanderbilt","","","2","[US] ESPN Select, [US] ESPN Unlimited","[US] ESPN Select, [US] ESPN Unlimited","","2026-09-27T16:00:00.000Z","livesportsontv:1974849"
"165","2026-09-28 00:15","Senin","Motorsports","GT World Challenge","GT World Challenge America","","","","","1","[CA] beIN Canada","","[CA] beIN Canada","2026-09-27T16:15:00.000Z","livesportsontv:1968915"
"166","2026-09-28 00:30","Senin","Soccer","LaLiga2","Burgos - Eldense","Burgos","Eldense","","","2","[US] ESPN Select, [US] ESPN Unlimited","[US] ESPN Select, [US] ESPN Unlimited","","2026-09-27T16:30:00.000Z","livesportsontv:1918224"
"167","2026-09-28 00:30","Senin","Soccer","LaLiga2","Eibar - Las Palmas","Eibar","Las Palmas","","","3","[US] ESPN Select, [US] ESPN Unlimited, [CA] TSN+","[US] ESPN Select, [US] ESPN Unlimited","[CA] TSN+","2026-09-27T16:30:00.000Z","livesportsontv:1918227"
"168","2026-09-28 00:30","Senin","Soccer","International Friendly","Malta - Liechtenstein","Malta","Liechtenstein","","","1","[CA] DAZN Canada","[CA] DAZN Canada","","2026-09-27T16:30:00.000Z","livesportsontv:1949212"
"169","2026-09-28 00:30","Senin","Basketball","Super League Basketball","Cheshire Phoenix - Leicester Riders","Cheshire Phoenix","Leicester Riders","","","2","[US] DAZN, [CA] DAZN Canada","[US] DAZN, [CA] DAZN Canada","","2026-09-27T16:30:00.000Z","livesportsontv:1955091"
"170","2026-09-28 01:00","Senin","Football","NFL","Buffalo Bills - Los Angeles Chargers","Buffalo Bills","Los Angeles Chargers","","","5","[US] Fubo Sports, [US] FOX, [US] FOX One, [US] NFL Sunday Ticket, [CA] RDS 2","[US] Fubo Sports","[US] FOX, [US] FOX One, [US] NFL Sunday Ticket, [CA] RDS 2","2026-09-27T17:00:00.000Z","livesportsontv:1894737"
"171","2026-09-28 01:00","Senin","Football","NFL","Cleveland Browns - Carolina Panthers","Cleveland Browns","Carolina Panthers","","","4","[US] Fubo Sports, [US] FOX, [US] FOX One, [US] NFL Sunday Ticket","[US] Fubo Sports","[US] FOX, [US] FOX One, [US] NFL Sunday Ticket","2026-09-27T17:00:00.000Z","livesportsontv:1894738"
"172","2026-09-28 01:00","Senin","Football","NFL","Detroit Lions - New York Jets","Detroit Lions","New York Jets","","","4","[US] Fubo Sports, [US] FOX, [US] FOX One, [US] NFL Sunday Ticket","[US] Fubo Sports","[US] FOX, [US] FOX One, [US] NFL Sunday Ticket","2026-09-27T17:00:00.000Z","livesportsontv:1894739"
"173","2026-09-28 01:00","Senin","Football","NFL","Indianapolis Colts - Houston Texans","Indianapolis Colts","Houston Texans","","","3","[US] Paramount+, [US] CBS, [US] NFL Sunday Ticket","","[US] Paramount+, [US] CBS, [US] NFL Sunday Ticket","2026-09-27T17:00:00.000Z","livesportsontv:1894740"
"174","2026-09-28 01:00","Senin","Football","NFL","Jacksonville Jaguars - New England Patriots","Jacksonville Jaguars","New England Patriots","","","5","[US] Paramount+, [US] CBS, [US] NFL Sunday Ticket, [CA] TSN+, [CA] TSN1","","[US] Paramount+, [US] CBS, [US] NFL Sunday Ticket, [CA] TSN+, [CA] TSN1","2026-09-27T17:00:00.000Z","livesportsontv:1894741"
"175","2026-09-28 01:00","Senin","Football","NFL","Miami Dolphins - Kansas City Chiefs","Miami Dolphins","Kansas City Chiefs","","","4","[US] Paramount+, [US] CBS, [US] NFL Sunday Ticket, [CA] TSN+","","[US] Paramount+, [US] CBS, [US] NFL Sunday Ticket, [CA] TSN+","2026-09-27T17:00:00.000Z","livesportsontv:1894742"
"176","2026-09-28 01:00","Senin","Football","NFL","New York Giants - Tennessee Titans","New York Giants","Tennessee Titans","","","3","[US] Paramount+, [US] CBS, [US] NFL Sunday Ticket","","[US] Paramount+, [US] CBS, [US] NFL Sunday Ticket","2026-09-27T17:00:00.000Z","livesportsontv:1894743"
"177","2026-09-28 01:00","Senin","Football","NFL","Pittsburgh Steelers - Cincinnati Bengals","Pittsburgh Steelers","Cincinnati Bengals","","","3","[US] Paramount+, [US] CBS, [US] NFL Sunday Ticket","","[US] Paramount+, [US] CBS, [US] NFL Sunday Ticket","2026-09-27T17:00:00.000Z","livesportsontv:1894744"
"178","2026-09-28 01:00","Senin","Football","NFL","Washington Commanders - Seattle Seahawks","Washington Commanders","Seattle Seahawks","","","4","[US] Fubo Sports, [US] FOX, [US] FOX One, [US] NFL Sunday Ticket","[US] Fubo Sports","[US] FOX, [US] FOX One, [US] NFL Sunday Ticket","2026-09-27T17:00:00.000Z","livesportsontv:1894745"
"179","2026-09-28 01:00","Senin","Basketball","ACB","Real Madrid - Unicaja","Real Madrid","Unicaja","","","2","[US] DAZN, [CA] DAZN Canada","[US] DAZN, [CA] DAZN Canada","","2026-09-27T17:00:00.000Z","livesportsontv:1949906"
"180","2026-09-28 01:00","Senin","Soccer","Women's College Soccer","Penn State - Southern Cal","Penn State","Southern Cal","","","1","[US] Big Ten Plus","","[US] Big Ten Plus","2026-09-27T17:00:00.000Z","livesportsontv:1959650"
"181","2026-09-28 01:00","Senin","Soccer","College Soccer","Boston University - Bucknell","Boston University","Bucknell","","","2","[US] ESPN Select, [US] ESPN Unlimited","[US] ESPN Select, [US] ESPN Unlimited","","2026-09-27T17:00:00.000Z","livesportsontv:1959937"
"182","2026-09-28 01:00","Senin","Volleyball","Women's College Volleyball","Kentucky - Texas","Kentucky","Texas","","","3","[US] Fubo Sports, [US] ESPN Unlimited, [US] ESPN","[US] Fubo Sports, [US] ESPN Unlimited","[US] ESPN","2026-09-27T17:00:00.000Z","livesportsontv:1960014"
"183","2026-09-28 01:00","Senin","Volleyball","Women's College Volleyball","Boston College - Louisville","Boston College","Louisville","","","2","[US] ESPN Unlimited, [US] ACCNX","[US] ESPN Unlimited","[US] ACCNX","2026-09-27T17:00:00.000Z","livesportsontv:1960016"
"184","2026-09-28 01:00","Senin","Volleyball","Women's College Volleyball","NC State - Duke","NC State","Duke","","","2","[US] ESPN Unlimited, [US] ACCNX","[US] ESPN Unlimited","[US] ACCNX","2026-09-27T17:00:00.000Z","livesportsontv:1960017"
"185","2026-09-28 01:00","Senin","Volleyball","Women's College Volleyball","New Hampshire - Binghamton","New Hampshire","Binghamton","","","2","[US] ESPN Select, [US] ESPN Unlimited","[US] ESPN Select, [US] ESPN Unlimited","","2026-09-27T17:00:00.000Z","livesportsontv:1960018"
"186","2026-09-28 01:00","Senin","Volleyball","Women's College Volleyball","Georgia Tech - Virginia","Georgia Tech","Virginia","","","2","[US] ESPN Unlimited, [US] ACCNX","[US] ESPN Unlimited","[US] ACCNX","2026-09-27T17:00:00.000Z","livesportsontv:1960019"
"187","2026-09-28 01:00","Senin","Volleyball","Women's College Volleyball","Clemson - Virginia Tech","Clemson","Virginia Tech","","","2","[US] ESPN Unlimited, [US] ACCNX","[US] ESPN Unlimited","[US] ACCNX","2026-09-27T17:00:00.000Z","livesportsontv:1960020"
"188","2026-09-28 01:00","Senin","Volleyball","Women's College Volleyball","Syracuse - Notre Dame","Syracuse","Notre Dame","","","2","[US] ESPN Unlimited, [US] ACCNX","[US] ESPN Unlimited","[US] ACCNX","2026-09-27T17:00:00.000Z","livesportsontv:1960021"
"189","2026-09-28 01:00","Senin","Equestrian","Horse Racing","America's Day at the Races","","","","","3","[US] Fubo Sports, [US] FOX Sports 1, [CA] FOX Sports Racing","[US] Fubo Sports","[US] FOX Sports 1, [CA] FOX Sports Racing","2026-09-27T17:00:00.000Z","livesportsontv:1966415"
"190","2026-09-28 01:00","Senin","Soccer","College Soccer","Stonehill - Chicago State","Stonehill","Chicago State","","","1","[US] NEC Front Row","","[US] NEC Front Row","2026-09-27T17:00:00.000Z","livesportsontv:1967211"
"191","2026-09-28 02:00","Senin","Soccer","Canadian Premier League","Inter Toronto FC - Pacific","Inter Toronto FC","Pacific","","","1","[CA] OneSoccer","","[CA] OneSoccer","2026-09-27T18:00:00.000Z","livesportsontv:1857012"
"192","2026-09-28 02:00","Senin","Soccer","Liga MX","Pumas UNAM - Atlético San Luis","Pumas UNAM","Atlético San Luis","","","1","[US] Univision","","[US] Univision","2026-09-27T18:00:00.000Z","livesportsontv:1900075"
"193","2026-09-28 02:00","Senin","Soccer","Women's College Soccer","Illinois - Oregon","Illinois","Oregon","","","1","[US] Big Ten Plus","","[US] Big Ten Plus","2026-09-27T18:00:00.000Z","livesportsontv:1959655"
"194","2026-09-28 02:00","Senin","Soccer","Women's College Soccer","Northwestern - Indiana","Northwestern","Indiana","","","1","[US] Big Ten Plus","","[US] Big Ten Plus","2026-09-27T18:00:00.000Z","livesportsontv:1959656"
"195","2026-09-28 02:00","Senin","Soccer","Women's College Soccer","Austin Peay - North Alabama","Austin Peay","North Alabama","","","2","[US] ESPN Select, [US] ESPN Unlimited","[US] ESPN Select, [US] ESPN Unlimited","","2026-09-27T18:00:00.000Z","livesportsontv:1959977"
"196","2026-09-28 02:00","Senin","Soccer","Women's College Soccer","Baylor - Cincinnati","Baylor","Cincinnati","","","2","[US] ESPN Select, [US] ESPN Unlimited","[US] ESPN Select, [US] ESPN Unlimited","","2026-09-27T18:00:00.000Z","livesportsontv:1959978"
"197","2026-09-28 02:00","Senin","Soccer","Women's College Soccer","Green Bay - Oakland","Green Bay","Oakland","","","2","[US] ESPN Select, [US] ESPN Unlimited","[US] ESPN Select, [US] ESPN Unlimited","","2026-09-27T18:00:00.000Z","livesportsontv:1959979"
"198","2026-09-28 02:00","Senin","Soccer","Women's College Soccer","Jacksonville State - Middle Tennessee","Jacksonville State","Middle Tennessee","","","2","[US] ESPN Select, [US] ESPN Unlimited","[US] ESPN Select, [US] ESPN Unlimited","","2026-09-27T18:00:00.000Z","livesportsontv:1959980"
"199","2026-09-28 02:00","Senin","Soccer","Women's College Soccer","Kansas - Arizona","Kansas","Arizona","","","2","[US] ESPN Select, [US] ESPN Unlimited","[US] ESPN Select, [US] ESPN Unlimited","","2026-09-27T18:00:00.000Z","livesportsontv:1959981"
"200","2026-09-28 02:00","Senin","Soccer","Women's College Soccer","Lamar - Nicholls","Lamar","Nicholls","","","2","[US] ESPN Select, [US] ESPN Unlimited","[US] ESPN Select, [US] ESPN Unlimited","","2026-09-27T18:00:00.000Z","livesportsontv:1959982"
"201","2026-09-28 02:00","Senin","Soccer","Women's College Soccer","Lindenwood - Morehead State","Lindenwood","Morehead State","","","2","[US] ESPN Select, [US] ESPN Unlimited","[US] ESPN Select, [US] ESPN Unlimited","","2026-09-27T18:00:00.000Z","livesportsontv:1959983"
"202","2026-09-28 02:00","Senin","Soccer","Women's College Soccer","Louisiana - Troy","Louisiana","Troy","","","2","[US] ESPN Select, [US] ESPN Unlimited","[US] ESPN Select, [US] ESPN Unlimited","","2026-09-27T18:00:00.000Z","livesportsontv:1959984"
"203","2026-09-28 02:00","Senin","Volleyball","Women's College Volleyball","SMU - California","SMU","California","","","2","[US] ESPN Unlimited, [US] ACCN","[US] ESPN Unlimited","[US] ACCN","2026-09-27T18:00:00.000Z","livesportsontv:1960028"
"204","2026-09-28 02:00","Senin","Volleyball","Women's College Volleyball","Tulsa - Memphis","Tulsa","Memphis","","","2","[US] ESPN Select, [US] ESPN Unlimited","[US] ESPN Select, [US] ESPN Unlimited","","2026-09-27T18:00:00.000Z","livesportsontv:1960029"
"205","2026-09-28 02:00","Senin","Volleyball","Women's College Volleyball","North Texas - Tulane","North Texas","Tulane","","","2","[US] ESPN Select, [US] ESPN Unlimited","[US] ESPN Select, [US] ESPN Unlimited","","2026-09-27T18:00:00.000Z","livesportsontv:1960030"
"206","2026-09-28 02:00","Senin","Volleyball","Women's College Volleyball","UTSA - Florida Atlantic","UTSA","Florida Atlantic","","","2","[US] ESPN Select, [US] ESPN Unlimited","[US] ESPN Select, [US] ESPN Unlimited","","2026-09-27T18:00:00.000Z","livesportsontv:1960031"
"207","2026-09-28 02:00","Senin","Volleyball","Women's College Volleyball","Texas Tech - Kansas","Texas Tech","Kansas","","","2","[US] ESPN Select, [US] ESPN Unlimited","[US] ESPN Select, [US] ESPN Unlimited","","2026-09-27T18:00:00.000Z","livesportsontv:1960032"
"208","2026-09-28 02:00","Senin","Volleyball","Women's College Volleyball","Holy Cross - Army","Holy Cross","Army","","","2","[US] ESPN Select, [US] ESPN Unlimited","[US] ESPN Select, [US] ESPN Unlimited","","2026-09-27T18:00:00.000Z","livesportsontv:1960033"
"209","2026-09-28 02:00","Senin","Basketball","Men's College Basketball","College of Charleston - The Citadel","College of Charleston","The Citadel","","","2","[US] ESPN Select, [US] ESPN Unlimited","[US] ESPN Select, [US] ESPN Unlimited","","2026-09-27T18:00:00.000Z","livesportsontv:1974857"
"210","2026-09-28 02:00","Senin","Basketball","WNBA","Minnesota Lynx - New York Liberty","Minnesota Lynx","New York Liberty","","","6","[US] Fubo Sports, [US] ESPN Unlimited, [US] ABC, [US] ESPN Deportes, [CA] TSN+, [US] Show more","[US] Fubo Sports, [US] ESPN Unlimited","[US] ABC, [US] ESPN Deportes, [CA] TSN+, [US] Show more","2026-09-27T18:00:00.000Z","livesportsontv:1975765"
"211","2026-09-28 02:00","Senin","Volleyball","Women's College Volleyball","Michigan State - Penn State","Michigan State","Penn State","","","1","[US] Big Ten Network","","[US] Big Ten Network","2026-09-27T18:00:00.000Z","livesportsontv:1975994"
"212","2026-09-28 02:05","Senin","Ice Hockey","OHL","Sudbury Wolves - Brampton Steelheads","Sudbury Wolves","Brampton Steelheads","","","1","[US] FloHockey","","[US] FloHockey","2026-09-27T18:05:00.000Z","livesportsontv:1908163"
"213","2026-09-28 02:05","Senin","Equestrian","Show Jumping","Global Champions Tour","","","","","1","[US] DAZN","[US] DAZN","","2026-09-27T18:05:00.000Z","livesportsontv:1966094"
"214","2026-09-28 02:30","Senin","Baseball","MLB","Philadelphia Phillies - Tampa Bay Rays","Philadelphia Phillies","Tampa Bay Rays","","","3","[US] MLB.TV, [US] NBCS PHL, [US] Rays.TV","","[US] MLB.TV, [US] NBCS PHL, [US] Rays.TV","2026-09-27T18:30:00.000Z","livesportsontv:1889737"
"215","2026-09-28 02:45","Senin","Soccer","UEFA Nations League","Israel - Republic of Ireland","Israel","Republic of Ireland","","","3","[US] FOX Soccer Plus, [US] ViX, [CA] DAZN Canada","[CA] DAZN Canada","[US] FOX Soccer Plus, [US] ViX","2026-09-27T18:45:00.000Z","livesportsontv:1907823"
"216","2026-09-28 02:45","Senin","Soccer","UEFA Nations League","Germany - Greece","Germany","Greece","","","4","[US] Fubo Sports, [US] FOX Sports 2, [US] ViX, [CA] DAZN Canada","[US] Fubo Sports, [CA] DAZN Canada","[US] FOX Sports 2, [US] ViX","2026-09-27T18:45:00.000Z","livesportsontv:1907872"
"217","2026-09-28 02:45","Senin","Soccer","UEFA Nations League","Norway - Portugal","Norway","Portugal","","","2","[US] ViX, [CA] DAZN Canada","[CA] DAZN Canada","[US] ViX","2026-09-27T18:45:00.000Z","livesportsontv:1907873"
"218","2026-09-28 03:00","Senin","Motorsports","NASCAR Cup Series","Hollywood Casino 400","","","","","4","[US] HBO Max, [US] USA Network, [CA] TSN+, [CA] TSN5","","[US] HBO Max, [US] USA Network, [CA] TSN+, [CA] TSN5","2026-09-27T19:00:00.000Z","livesportsontv:1784075"
"219","2026-09-28 03:00","Senin","Ice Hockey","OHL","Ottawa 67s - Sarnia Sting","Ottawa 67s","Sarnia Sting","","","1","[US] FloHockey","","[US] FloHockey","2026-09-27T19:00:00.000Z","livesportsontv:1908164"
"220","2026-09-28 03:00","Senin","Ice Hockey","OHL","Quebec Remparts - Rimouski Oceanic","Quebec Remparts","Rimouski Oceanic","","","1","[US] FloHockey","","[US] FloHockey","2026-09-27T19:00:00.000Z","livesportsontv:1908629"
"221","2026-09-28 03:00","Senin","Soccer","LaLiga2","Real Oviedo - Sporting Gijón","Real Oviedo","Sporting Gijón","","","2","[US] ESPN Select, [US] ESPN Unlimited","[US] ESPN Select, [US] ESPN Unlimited","","2026-09-27T19:00:00.000Z","livesportsontv:1918232"
"222","2026-09-28 03:00","Senin","Volleyball","Women's College Volleyball","Oklahoma - Florida","Oklahoma","Florida","","","2","[US] ESPN Unlimited, [US] SECN+","[US] ESPN Unlimited","[US] SECN+","2026-09-27T19:00:00.000Z","livesportsontv:1960015"
"223","2026-09-28 03:00","Senin","Volleyball","Women's College Volleyball","Missouri - Vanderbilt","Missouri","Vanderbilt","","","2","[US] ESPN Unlimited, [US] SECN+","[US] ESPN Unlimited","[US] SECN+","2026-09-27T19:00:00.000Z","livesportsontv:1960027"
"224","2026-09-28 03:00","Senin","Volleyball","Women's College Volleyball","Alabama - Mississippi","Alabama","Mississippi","","","2","[US] ESPN Unlimited, [US] SECN","[US] ESPN Unlimited","[US] SECN","2026-09-27T19:00:00.000Z","livesportsontv:1960034"
"225","2026-09-28 03:00","Senin","Golf","PGA Tour","Presidents Cup","","","","","2","[CA] TSN+, [CA] TSN3","","[CA] TSN+, [CA] TSN3","2026-09-27T19:00:00.000Z","livesportsontv:1966372"
"226","2026-09-28 03:00","Senin","Soccer","CONCACAF Nations League","Guyana - Cayman Islands","Guyana","Cayman Islands","","","3","[US] FOX One, [US] ViX, [US] Tubi","","[US] FOX One, [US] ViX, [US] Tubi","2026-09-27T19:00:00.000Z","livesportsontv:1967409"
"227","2026-09-28 03:00","Senin","Motorsports","NHRA Drag Racing","Nationals at The Rock","","","","","4","[US] Fubo Sports, [US] FOX Sports 1, [US] FOX One, [CA] FOX Sports Racing","[US] Fubo Sports","[US] FOX Sports 1, [US] FOX One, [CA] FOX Sports Racing","2026-09-27T19:00:00.000Z","livesportsontv:1975310"
"228","2026-09-28 03:05","Senin","Baseball","MLB","Boston Red Sox - Chicago Cubs","Boston Red Sox","Chicago Cubs","","","3","[US] MLB.TV, [US] Marquee, [US] NESN","","[US] MLB.TV, [US] Marquee, [US] NESN","2026-09-27T19:05:00.000Z","livesportsontv:1889516"
"229","2026-09-28 03:05","Senin","Baseball","MLB","Boston Red Sox - Chicago Cubs","Boston Red Sox","Chicago Cubs","","","4","[US] MLB.TV, [US] Marquee, [US] NESN, [US] NESN Plus","","[US] MLB.TV, [US] Marquee, [US] NESN, [US] NESN Plus","2026-09-27T19:05:00.000Z","livesportsontv:1889733"
"230","2026-09-28 03:05","Senin","Baseball","MLB","Washington Nationals - New York Mets","Washington Nationals","New York Mets","","","3","[US] MLB.TV, [US] SNY, [US] Nationals.TV","","[US] MLB.TV, [US] SNY, [US] Nationals.TV","2026-09-27T19:05:00.000Z","livesportsontv:1889734"
"231","2026-09-28 03:05","Senin","Baseball","MLB","Athletics - Houston Astros","Athletics","Houston Astros","","","6","[US] Peacock, [US] MLB.TV, [US] Space City HN, [CA] NBCS CA, [CA] SN NOW, [US] Show more","[US] Peacock","[US] MLB.TV, [US] Space City HN, [CA] NBCS CA, [CA] SN NOW, [US] Show more","2026-09-27T19:05:00.000Z","livesportsontv:1889735"
"232","2026-09-28 03:05","Senin","Baseball","MLB","San Francisco Giants - Los Angeles Dodgers","San Francisco Giants","Los Angeles Dodgers","","","4","[US] MLB.TV, [US] NBCS Bay Area, [CA] SportsNet LA, [US] SNLA+","","[US] MLB.TV, [US] NBCS Bay Area, [CA] SportsNet LA, [US] SNLA+","2026-09-27T19:05:00.000Z","livesportsontv:1889736"
"233","2026-09-28 03:07","Senin","Baseball","MLB","Toronto Blue Jays - Cincinnati Reds","Toronto Blue Jays","Cincinnati Reds","","","5","[US] MLB.TV, [US] Reds.TV, [CA] Sportsnet, [CA] SN NOW, [US] TVA Sports","","[US] MLB.TV, [US] Reds.TV, [CA] Sportsnet, [CA] SN NOW, [US] TVA Sports","2026-09-27T19:07:00.000Z","livesportsontv:1889738"
"234","2026-09-28 03:10","Senin","Baseball","MLB","Kansas City Royals - Cleveland Guardians","Kansas City Royals","Cleveland Guardians","","","4","[US] ESPN Unlimited, [US] MLB.TV, [US] CleGuardians.TV, [US] Royals.TV","[US] ESPN Unlimited","[US] MLB.TV, [US] CleGuardians.TV, [US] Royals.TV","2026-09-27T19:10:00.000Z","livesportsontv:1889739"
"235","2026-09-28 03:10","Senin","Baseball","MLB","Detroit Tigers - Pittsburgh Pirates","Detroit Tigers","Pittsburgh Pirates","","","3","[US] MLB.TV, [CA] SportsNet Pittsburgh, [US] Detroit SportsNet","","[US] MLB.TV, [CA] SportsNet Pittsburgh, [US] Detroit SportsNet","2026-09-27T19:10:00.000Z","livesportsontv:1889740"
"236","2026-09-28 03:10","Senin","Baseball","MLB","San Diego Padres - Arizona Diamondbacks","San Diego Padres","Arizona Diamondbacks","","","3","[US] MLB.TV, [US] Padres.TV, [US] Dbacks.TV","","[US] MLB.TV, [US] Padres.TV, [US] Dbacks.TV","2026-09-27T19:10:00.000Z","livesportsontv:1889741"
"237","2026-09-28 03:10","Senin","Baseball","MLB","Seattle Mariners - Los Angeles Angels","Seattle Mariners","Los Angeles Angels","","","3","[US] MLB.TV, [US] Mariners.TV, [US] ABTV","","[US] MLB.TV, [US] Mariners.TV, [US] ABTV","2026-09-27T19:10:00.000Z","livesportsontv:1889742"
"238","2026-09-28 03:10","Senin","Baseball","MLB","Minnesota Twins - Texas Rangers","Minnesota Twins","Texas Rangers","","","5","[US] MLB.TV, [US] RSN, [US] Twins.TV, [US] SN 360, [CA] SN NOW","","[US] MLB.TV, [US] RSN, [US] Twins.TV, [US] SN 360, [CA] SN NOW","2026-09-27T19:10:00.000Z","livesportsontv:1889743"
"239","2026-09-28 03:10","Senin","Baseball","MLB","Chicago White Sox - Colorado Rockies","Chicago White Sox","Colorado Rockies","","","5","[US] MLB.TV, [US] CHSN, [US] Rockies.TV, [US] SN One, [CA] SN NOW","","[US] MLB.TV, [US] CHSN, [US] Rockies.TV, [US] SN One, [CA] SN NOW","2026-09-27T19:10:00.000Z","livesportsontv:1889744"
"240","2026-09-28 03:10","Senin","Baseball","MLB","Miami Marlins - Atlanta Braves","Miami Marlins","Atlanta Braves","","","5","[US] MLB.TV, [US] Telemundo, [US] WBFS-CW, [US] Marlins.TV, [US] BravesVision","","[US] MLB.TV, [US] Telemundo, [US] WBFS-CW, [US] Marlins.TV, [US] BravesVision","2026-09-27T19:10:00.000Z","livesportsontv:1889745"
"241","2026-09-28 03:10","Senin","Baseball","MLB","Milwaukee Brewers - St. Louis Cardinals","Milwaukee Brewers","St. Louis Cardinals","","","4","[US] MLB.TV, [US] Telemundo, [US] Brewers.TV, [US] Cardinals.TV","","[US] MLB.TV, [US] Telemundo, [US] Brewers.TV, [US] Cardinals.TV","2026-09-27T19:10:00.000Z","livesportsontv:1889746"
"242","2026-09-28 04:00","Senin","Ice Hockey","OHL","Regina Pats - Swift Current Broncos","Regina Pats","Swift Current Broncos","","","1","[US] FloHockey","","[US] FloHockey","2026-09-27T20:00:00.000Z","livesportsontv:1908593"
"243","2026-09-28 04:00","Senin","Ice Hockey","OHL","Chicoutimi Sagueneens - Baie-Comeau Drakkar","Chicoutimi Sagueneens","Baie-Comeau Drakkar","","","1","[US] FloHockey","","[US] FloHockey","2026-09-27T20:00:00.000Z","livesportsontv:1908630"
"244","2026-09-28 04:00","Senin","Ice Hockey","OHL","Rouyn-Noranda Huskies - Val-D'Or Foreurs","Rouyn-Noranda Huskies","Val-D'Or Foreurs","","","1","[US] FloHockey","","[US] FloHockey","2026-09-27T20:00:00.000Z","livesportsontv:1908631"
"245","2026-09-28 04:00","Senin","Ice Hockey","OHL","Victoriaville Tigres - Gatineau Olympiques","Victoriaville Tigres","Gatineau Olympiques","","","1","[US] FloHockey","","[US] FloHockey","2026-09-27T20:00:00.000Z","livesportsontv:1908632"
"246","2026-09-28 04:00","Senin","Soccer","College Soccer","Georgia State - Coastal Carolina","Georgia State","Coastal Carolina","","","2","[US] ESPN Select, [US] ESPN Unlimited","[US] ESPN Select, [US] ESPN Unlimited","","2026-09-27T20:00:00.000Z","livesportsontv:1959938"
"247","2026-09-28 04:00","Senin","Soccer","College Soccer","UCF - Kentucky","UCF","Kentucky","","","2","[US] ESPN Select, [US] ESPN Unlimited","[US] ESPN Select, [US] ESPN Unlimited","","2026-09-27T20:00:00.000Z","livesportsontv:1959939"
"248","2026-09-28 04:00","Senin","Soccer","College Soccer","Virginia Tech - SMU","Virginia Tech","SMU","","","2","[US] ESPN Unlimited, [US] ACCNX","[US] ESPN Unlimited","[US] ACCNX","2026-09-27T20:00:00.000Z","livesportsontv:1959940"
"249","2026-09-28 04:00","Senin","Cycling","Mountainbike","UCI Mountain Bike World Series","","","","","1","[CA] TSN+","","[CA] TSN+","2026-09-27T20:00:00.000Z","livesportsontv:1969424"
"250","2026-09-28 04:00","Senin","Soccer","Northern Super League","Calgary Wild - Vancouver Rise","Calgary Wild","Vancouver Rise","","","3","[US] ESPN Select, [US] ESPN Unlimited, [CA] TSN+","[US] ESPN Select, [US] ESPN Unlimited","[CA] TSN+","2026-09-27T20:00:00.000Z","livesportsontv:1975311"
"251","2026-09-28 04:00","Senin","Basketball","Women's College Basketball","South Carolina - College of Charleston","South Carolina","College of Charleston","","","2","[US] ESPN Select, [US] ESPN Unlimited","[US] ESPN Select, [US] ESPN Unlimited","","2026-09-27T20:00:00.000Z","livesportsontv:1975319"
"252","2026-09-28 04:00","Senin","Basketball","WNBA","Las Vegas Aces - Indiana Fever","Las Vegas Aces","Indiana Fever","","","5","[US] Fubo Sports, [US] ESPN Unlimited, [US] ABC, [CA] TSN+, [CA] TSN4","[US] Fubo Sports, [US] ESPN Unlimited","[US] ABC, [CA] TSN+, [CA] TSN4","2026-09-27T20:00:00.000Z","livesportsontv:1975767"
"253","2026-09-28 04:05","Senin","Football","NFL","San Francisco 49ers - Arizona Cardinals","San Francisco 49ers","Arizona Cardinals","","","4","[US] Fubo Sports, [US] FOX, [US] FOX One, [US] NFL Sunday Ticket","[US] Fubo Sports","[US] FOX, [US] FOX One, [US] NFL Sunday Ticket","2026-09-27T20:05:00.000Z","livesportsontv:1894746"
"254","2026-09-28 04:05","Senin","Football","NFL","Tampa Bay Buccaneers - Minnesota Vikings","Tampa Bay Buccaneers","Minnesota Vikings","","","6","[US] Fubo Sports, [US] FOX, [US] FOX One, [US] NFL Sunday Ticket, [CA] TSN+, [US] Show more","[US] Fubo Sports","[US] FOX, [US] FOX One, [US] NFL Sunday Ticket, [CA] TSN+, [US] Show more","2026-09-27T20:05:00.000Z","livesportsontv:1894747"
"255","2026-09-28 04:25","Senin","Football","NFL","Dallas Cowboys - Baltimore Ravens","Dallas Cowboys","Baltimore Ravens","","","3","[US] Paramount+, [US] CBS, [US] NFL Sunday Ticket","","[US] Paramount+, [US] CBS, [US] NFL Sunday Ticket","2026-09-27T20:25:00.000Z","livesportsontv:1894748"
"256","2026-09-28 04:25","Senin","Football","NFL","New Orleans Saints - Las Vegas Raiders","New Orleans Saints","Las Vegas Raiders","","","3","[US] Paramount+, [US] CBS, [US] NFL Sunday Ticket","","[US] Paramount+, [US] CBS, [US] NFL Sunday Ticket","2026-09-27T20:25:00.000Z","livesportsontv:1894749"
"257","2026-09-28 04:30","Senin","Soccer","International Friendly","Bolivia - Paraguay","Bolivia","Paraguay","","","1","[US] FOX Deportes","","[US] FOX Deportes","2026-09-27T20:30:00.000Z","livesportsontv:1959295"
"258","2026-09-28 04:30","Senin","Equestrian","Horse Racing","America's Day at the Races","","","","","2","[US] Fubo Sports, [US] FOX Sports 2","[US] Fubo Sports","[US] FOX Sports 2","2026-09-27T20:30:00.000Z","livesportsontv:1966416"
"259","2026-09-28 04:30","Senin","Golf","PGA Tour","Presidents Cup","","","","","1","[US] CJDC TV","","[US] CJDC TV","2026-09-27T20:30:00.000Z","livesportsontv:1975320"
"260","2026-09-28 05:00","Senin","Soccer","NWSL","Bay - Orlando Pride","Bay","Orlando Pride","","","6","[US] Fubo Sports, [US] ESPN Unlimited, [US] ESPN, [US] ESPN Deportes, [US] ESPN app, [US] Show more","[US] Fubo Sports, [US] ESPN Unlimited","[US] ESPN, [US] ESPN Deportes, [US] ESPN app, [US] Show more","2026-09-27T21:00:00.000Z","livesportsontv:1855506"
"261","2026-09-28 05:00","Senin","Soccer","Primera A","Jaguares de Córdoba - Alianza Petrolera","Jaguares de Córdoba","Alianza Petrolera","","","1","[US] Fanatiz","[US] Fanatiz","","2026-09-27T21:00:00.000Z","livesportsontv:1898828"
"262","2026-09-28 06:00","Senin","Ice Hockey","OHL","Kitchener Rangers - Kingston Frontenacs","Kitchener Rangers","Kingston Frontenacs","","","1","[US] FloHockey","","[US] FloHockey","2026-09-27T22:00:00.000Z","livesportsontv:1908165"
"263","2026-09-28 06:00","Senin","Ice Hockey","OHL","Edmonton Oil Kings - Medicine Hat Tigers","Edmonton Oil Kings","Medicine Hat Tigers","","","1","[US] FloHockey","","[US] FloHockey","2026-09-27T22:00:00.000Z","livesportsontv:1958081"
"264","2026-09-28 06:00","Senin","Soccer","College Soccer","College of Charleston - UNC Wilmington","College of Charleston","UNC Wilmington","","","1","[US] FloSports","","[US] FloSports","2026-09-27T22:00:00.000Z","livesportsontv:1967212"
"265","2026-09-28 06:05","Senin","Ice Hockey","OHL","Oshawa Generals - Brantford Bulldogs","Oshawa Generals","Brantford Bulldogs","","","1","[US] FloHockey","","[US] FloHockey","2026-09-27T22:05:00.000Z","livesportsontv:1908166"
"266","2026-09-28 06:05","Senin","Ice Hockey","USHL","Sioux City - Cedar Rapids","Sioux City","Cedar Rapids","","","1","[US] FloHockey","","[US] FloHockey","2026-09-27T22:05:00.000Z","livesportsontv:1909385"
"267","2026-09-28 07:00","Senin","Soccer","MLS","Columbus Crew - Inter Miami","Columbus Crew","Inter Miami","","","1","[US] Apple TV","[US] Apple TV","","2026-09-27T23:00:00.000Z","livesportsontv:1824333"
"268","2026-09-28 07:00","Senin","Soccer","USL League One","One Knoxville - Westchester SC","One Knoxville","Westchester SC","","","3","[US] Fubo Sports, [US] ESPN Unlimited, [US] ESPN2","[US] Fubo Sports, [US] ESPN Unlimited","[US] ESPN2","2026-09-27T23:00:00.000Z","livesportsontv:1833498"
"269","2026-09-28 07:00","Senin","Soccer","NWSL","Utah Royals - North Carolina Courage","Utah Royals","North Carolina Courage","","","1","[US] Roku","","[US] Roku","2026-09-27T23:00:00.000Z","livesportsontv:1855507"
"270","2026-09-28 07:00","Senin","Ice Hockey","OHL","Vancouver Giants - Prince George Cougars","Vancouver Giants","Prince George Cougars","","","1","[US] FloHockey","","[US] FloHockey","2026-09-27T23:00:00.000Z","livesportsontv:1958082"
"271","2026-09-28 07:00","Senin","Soccer","College Soccer","Georgia Southern - Old Dominion","Georgia Southern","Old Dominion","","","2","[US] ESPN Select, [US] ESPN Unlimited","[US] ESPN Select, [US] ESPN Unlimited","","2026-09-27T23:00:00.000Z","livesportsontv:1959941"
"272","2026-09-28 07:00","Senin","Soccer","College Soccer","Presbyterian - UNC Asheville","Presbyterian","UNC Asheville","","","2","[US] ESPN Select, [US] ESPN Unlimited","[US] ESPN Select, [US] ESPN Unlimited","","2026-09-27T23:00:00.000Z","livesportsontv:1959942"
"273","2026-09-28 07:00","Senin","Soccer","College Soccer","South Carolina - James Madison","South Carolina","James Madison","","","2","[US] ESPN Select, [US] ESPN Unlimited","[US] ESPN Select, [US] ESPN Unlimited","","2026-09-27T23:00:00.000Z","livesportsontv:1959943"
"274","2026-09-28 07:00","Senin","Soccer","CONCACAF Nations League","Haiti - Costa Rica","Haiti","Costa Rica","","","4","[US] Fubo Sports, [US] FOX Sports 2, [US] ViX, [CA] OneSoccer","[US] Fubo Sports","[US] FOX Sports 2, [US] ViX, [CA] OneSoccer","2026-09-27T23:00:00.000Z","livesportsontv:1967410"
"275","2026-09-28 07:00","Senin","Basketball","WNBA","Atlanta Dream - Washington Mystics","Atlanta Dream","Washington Mystics","","","1","[US] Prime Video","","[US] Prime Video","2026-09-27T23:00:00.000Z","livesportsontv:1975768"
"276","2026-09-28 07:05","Senin","Soccer","Primera A","Fortaleza CEIF - Deportes Tolima","Fortaleza CEIF","Deportes Tolima","","","1","[US] Fanatiz","[US] Fanatiz","","2026-09-27T23:05:00.000Z","livesportsontv:1898827"
"277","2026-09-28 07:10","Senin","Soccer","College Soccer","Marshall - West Virginia","Marshall","West Virginia","","","2","[US] ESPN Select, [US] ESPN Unlimited","[US] ESPN Select, [US] ESPN Unlimited","","2026-09-27T23:10:00.000Z","livesportsontv:1959944"
"278","2026-09-28 07:30","Senin","Basketball","LNB","Espanol Osorno - Leones Quilpue","Espanol Osorno","Leones Quilpue","","","1","[US] Fanatiz","[US] Fanatiz","","2026-09-27T23:30:00.000Z","livesportsontv:1966837"
"279","2026-09-28 08:00","Senin","Soccer","CONCACAF Nations League","Curaçao - Nicaragua","Curaçao","Nicaragua","","","2","[US] FOX Soccer Plus, [US] ViX","","[US] FOX Soccer Plus, [US] ViX","2026-09-28T00:00:00.000Z","livesportsontv:1967411"
"280","2026-09-28 08:00","Senin","Soccer","CONCACAF Nations League","Dominica - Puerto Rico","Dominica","Puerto Rico","","","3","[US] FOX One, [US] ViX, [US] Tubi","","[US] FOX One, [US] ViX, [US] Tubi","2026-09-28T00:00:00.000Z","livesportsontv:1967412"
"281","2026-09-28 08:06","Senin","Soccer","Liga MX Femenil","Tigres UANL - Atlético San Luis","Tigres UANL","Atlético San Luis","","","3","[US] Estrella TV, [US] FOX Deportes, [US] WMBC TV 63","","[US] Estrella TV, [US] FOX Deportes, [US] WMBC TV 63","2026-09-28T00:06:00.000Z","livesportsontv:1935493"
"282","2026-09-28 08:20","Senin","Football","NFL","Denver Broncos - Los Angeles Rams","Denver Broncos","Los Angeles Rams","","","6","[US] Peacock, [US] NBC, [US] NBC Universo, [CA] TSN+, [CA] RDS, [US] Show more","[US] Peacock","[US] NBC, [US] NBC Universo, [CA] TSN+, [CA] RDS, [US] Show more","2026-09-28T00:20:00.000Z","livesportsontv:1894750"
"283","2026-09-28 09:00","Senin","Soccer","Liga MX","León - Juárez","León","Juárez","","","2","[US] TUDN, [US] Univision","","[US] TUDN, [US] Univision","2026-09-28T01:00:00.000Z","livesportsontv:1900076"
"284","2026-09-28 09:00","Senin","Soccer","CONCACAF Nations League","Trinidad and Tobago - Dominican Republic","Trinidad and Tobago","Dominican Republic","","","4","[US] Fubo Sports, [US] FOX Sports 2, [US] ViX, [CA] OneSoccer","[US] Fubo Sports","[US] FOX Sports 2, [US] ViX, [CA] OneSoccer","2026-09-28T01:00:00.000Z","livesportsontv:1967413"
"285","2026-09-28 09:00","Senin","Basketball","WNBA","Golden State Valkyries - Dallas Wings","Golden State Valkyries","Dallas Wings","","","4","[US] CNBC, [US] USA Network, [CA] TSN+, [CA] TSN2","","[US] CNBC, [US] USA Network, [CA] TSN+, [CA] TSN2","2026-09-28T01:00:00.000Z","livesportsontv:1975766"
"286","2026-09-28 09:10","Senin","Soccer","Primera A","Deportivo Cali - Rionegro Águilas","Deportivo Cali","Rionegro Águilas","","","1","[US] Fanatiz","[US] Fanatiz","","2026-09-28T01:10:00.000Z","livesportsontv:1898713"
"287","2026-09-28 11:10","Senin","Soccer","Liga MX","Necaxa - América","Necaxa","América","","","1","[US] FOX Deportes","","[US] FOX Deportes","2026-09-28T03:10:00.000Z","livesportsontv:1900077"
"288","2026-09-28 17:00","Senin","Baseball","NPB","Chiba Lotte Marines - Nippon Ham Fighters","Chiba Lotte Marines","Nippon Ham Fighters","","","1","[US] Next Level Sports","","[US] Next Level Sports","2026-09-28T09:00:00.000Z","livesportsontv:1842568"
"289","2026-09-28 17:00","Senin","Tennis","ATP","Chengdu Open","","","","","1","[CA] TSN+","","[CA] TSN+","2026-09-28T09:00:00.000Z","livesportsontv:1971774"
"290","2026-09-28 17:00","Senin","Soccer","ASEAN Cup","Singapore - Bangladesh","Singapore","Bangladesh","","","2","[US] DAZN, [CA] DAZN Canada","[US] DAZN, [CA] DAZN Canada","","2026-09-28T09:00:00.000Z","livesportsontv:1974766"
"291","2026-09-28 17:30","Senin","Tennis","ATP","Hangzhou Open","","","","","2","[US] T2, [CA] TSN+","","[US] T2, [CA] TSN+","2026-09-28T09:30:00.000Z","livesportsontv:1971775"
"292","2026-09-28 19:30","Senin","Tennis","ATP","Hangzhou Open","","","","","1","[US] Tennis Channel","","[US] Tennis Channel","2026-09-28T11:30:00.000Z","livesportsontv:1974803"
"293","2026-09-28 20:30","Senin","Soccer","ASEAN Cup","Malaysia - Indonesia","Malaysia","Indonesia","","","2","[US] DAZN, [CA] DAZN Canada","[US] DAZN, [CA] DAZN Canada","","2026-09-28T12:30:00.000Z","livesportsontv:1974767"
"294","2026-09-29 00:00","Selasa","Soccer","UEFA Nations League","Georgia - Ukraine","Georgia","Ukraine","","","3","[US] Fubo Sports, [US] fubo Sports Network, [CA] DAZN Canada","[US] Fubo Sports, [CA] DAZN Canada","[US] fubo Sports Network","2026-09-28T16:00:00.000Z","livesportsontv:1907824"
"295","2026-09-29 00:00","Selasa","Soccer","UEFA Nations League","Armenia - Montenegro","Armenia","Montenegro","","","4","[US] Fubo Sports, [US] FOX Sports 2, [US] FOX One, [CA] DAZN Canada","[US] Fubo Sports, [CA] DAZN Canada","[US] FOX Sports 2, [US] FOX One","2026-09-28T16:00:00.000Z","livesportsontv:1908034"
"296","2026-09-29 00:00","Selasa","Soccer","UEFA Nations League","Latvia - Cyprus","Latvia","Cyprus","","","2","[US] FOX Soccer Plus, [CA] DAZN Canada","[CA] DAZN Canada","[US] FOX Soccer Plus","2026-09-28T16:00:00.000Z","livesportsontv:1908035"
"297","2026-09-29 00:00","Selasa","Soccer","Africa Cup of Nations Qualifier","Equatorial Guinea - Sierra Leone","Equatorial Guinea","Sierra Leone","","","2","[US] beIN USA, [CA] beIN Canada","","[US] beIN USA, [CA] beIN Canada","2026-09-28T16:00:00.000Z","livesportsontv:1953416"
"298","2026-09-29 00:00","Selasa","Soccer","Africa Cup of Nations Qualifier","Zimbabwe - DR Congo","Zimbabwe","DR Congo","","","2","[US] beIN USA Espanol, [CA] beIN Canada Espanol","","[US] beIN USA Espanol, [CA] beIN Canada Espanol","2026-09-28T16:00:00.000Z","livesportsontv:1953417"
"299","2026-09-29 00:00","Selasa","Soccer","Africa Cup of Nations Qualifier","Central African Republic - Burkina Faso","Central African Republic","Burkina Faso","","","1","[US] beIN SPORTS Xtra","","[US] beIN SPORTS Xtra","2026-09-28T16:00:00.000Z","livesportsontv:1953429"
"300","2026-09-29 02:30","Selasa","Soccer","LaLiga2","Leganés - Castellón","Leganés","Castellón","","","2","[US] ESPN Select, [US] ESPN Unlimited","[US] ESPN Select, [US] ESPN Unlimited","","2026-09-28T18:30:00.000Z","livesportsontv:1918230"
"301","2026-09-29 02:45","Selasa","Soccer","UEFA Nations League","Northern Ireland - Hungary","Northern Ireland","Hungary","","","3","[US] Fubo Sports, [US] fubo Sports Network, [CA] DAZN Canada","[US] Fubo Sports, [CA] DAZN Canada","[US] fubo Sports Network","2026-09-28T18:45:00.000Z","livesportsontv:1907825"
"302","2026-09-29 02:45","Selasa","Soccer","UEFA Nations League","Romania - Bosnia-Herzegovina","Romania","Bosnia-Herzegovina","","","1","[CA] DAZN Canada","[CA] DAZN Canada","","2026-09-28T18:45:00.000Z","livesportsontv:1907826"
"303","2026-09-29 02:45","Selasa","Soccer","UEFA Nations League","Sweden - Poland","Sweden","Poland","","","2","[US] FOX Soccer Plus, [CA] DAZN Canada","[CA] DAZN Canada","[US] FOX Soccer Plus","2026-09-28T18:45:00.000Z","livesportsontv:1907827"
"304","2026-09-29 02:45","Selasa","Soccer","UEFA Nations League","Belgium - France","Belgium","France","","","4","[US] Fubo Sports, [US] FOX Sports 2, [US] FOX One, [CA] DAZN Canada","[US] Fubo Sports, [CA] DAZN Canada","[US] FOX Sports 2, [US] FOX One","2026-09-28T18:45:00.000Z","livesportsontv:1907874"
"305","2026-09-29 02:45","Selasa","Soccer","UEFA Nations League","Türkiye - Italy","Türkiye","Italy","","","1","[CA] DAZN Canada","[CA] DAZN Canada","","2026-09-28T18:45:00.000Z","livesportsontv:1907875"
"306","2026-09-29 03:00","Selasa","Soccer","Africa Cup of Nations Qualifier","Botswana - Tunisia","Botswana","Tunisia","","","4","[US] beIN USA, [US] beIN USA Espanol, [CA] beIN Canada, [CA] beIN Canada Espanol","","[US] beIN USA, [US] beIN USA Espanol, [CA] beIN Canada, [CA] beIN Canada Espanol","2026-09-28T19:00:00.000Z","livesportsontv:1953452"
"307","2026-09-29 03:00","Selasa","Soccer","CONCACAF Nations League","Guadeloupe - Barbados","Guadeloupe","Barbados","","","2","[US] FOX One, [US] Tubi","","[US] FOX One, [US] Tubi","2026-09-28T19:00:00.000Z","livesportsontv:1967414"
"308","2026-09-29 03:00","Selasa","Soccer","Women's College Soccer","Manhattan - Quinnipiac","Manhattan","Quinnipiac","","","2","[US] ESPN Select, [US] ESPN Unlimited","[US] ESPN Select, [US] ESPN Unlimited","","2026-09-28T19:00:00.000Z","livesportsontv:1975912"
"309","2026-09-29 04:00","Selasa","Soccer","College Soccer","Stony Brook - Monmouth","Stony Brook","Monmouth","","","1","[US] FloSports","","[US] FloSports","2026-09-28T20:00:00.000Z","livesportsontv:1967251"
"310","2026-09-29 05:00","Selasa","Soccer","College Soccer","Hofstra - Northeastern","Hofstra","Northeastern","","","1","[US] FloSports","","[US] FloSports","2026-09-28T21:00:00.000Z","livesportsontv:1967254"
"311","2026-09-29 05:00","Selasa","Soccer","CONCACAF Nations League","Cuba - Bonaire","Cuba","Bonaire","","","2","[US] FOX Soccer Plus, [US] ViX","","[US] FOX Soccer Plus, [US] ViX","2026-09-28T21:00:00.000Z","livesportsontv:1967415"
"312","2026-09-29 06:00","Selasa","Soccer","CONCACAF Nations League","Suriname - Martinique","Suriname","Martinique","","","4","[US] Fubo Sports, [US] FOX Sports 2, [US] ViX, [CA] OneSoccer","[US] Fubo Sports","[US] FOX Sports 2, [US] ViX, [CA] OneSoccer","2026-09-28T22:00:00.000Z","livesportsontv:1967416"
"313","2026-09-29 07:00","Selasa","Soccer","College Soccer","Penn State - UCLA","Penn State","UCLA","","","1","[US] Big Ten Network","","[US] Big Ten Network","2026-09-28T23:00:00.000Z","livesportsontv:1976199"
"314","2026-09-29 07:30","Selasa","Basketball","LNB","Ancud - CD Puerto Varas","Ancud","CD Puerto Varas","","","1","[US] Fanatiz","[US] Fanatiz","","2026-09-28T23:30:00.000Z","livesportsontv:1966839"
"315","2026-09-29 08:00","Selasa","Soccer","CONCACAF Nations League","Jamaica - Honduras","Jamaica","Honduras","","","4","[US] Fubo Sports, [US] FOX Sports 2, [US] ViX, [CA] OneSoccer","[US] Fubo Sports","[US] FOX Sports 2, [US] ViX, [CA] OneSoccer","2026-09-29T00:00:00.000Z","livesportsontv:1967417"
"316","2026-09-29 08:00","Selasa","Soccer","CONCACAF Nations League","St. Kitts and Nevis - Grenada","St. Kitts and Nevis","Grenada","","","2","[US] FOX Soccer Plus, [US] ViX","","[US] FOX Soccer Plus, [US] ViX","2026-09-29T00:00:00.000Z","livesportsontv:1967418"
"317","2026-09-29 08:00","Selasa","Soccer","CONCACAF Nations League","St. Lucia - Bermuda","St. Lucia","Bermuda","","","3","[US] FOX One, [US] ViX, [US] Tubi","","[US] FOX One, [US] ViX, [US] Tubi","2026-09-29T00:00:00.000Z","livesportsontv:1967419"
"318","2026-09-29 08:15","Selasa","Football","NFL","Chicago Bears - Philadelphia Eagles","Chicago Bears","Philadelphia Eagles","","","6","[US] Fubo Sports, [US] ESPN Unlimited, [US] ABC, [US] ESPN, [US] ESPN Deportes, [US] Show more","[US] Fubo Sports, [US] ESPN Unlimited","[US] ABC, [US] ESPN, [US] ESPN Deportes, [US] Show more","2026-09-29T00:15:00.000Z","livesportsontv:1894751"
"319","2026-09-29 09:00","Selasa","Soccer","Women's College Soccer","BYU - TCU","BYU","TCU","","","2","[US] ESPN Select, [US] ESPN Unlimited","[US] ESPN Select, [US] ESPN Unlimited","","2026-09-29T01:00:00.000Z","livesportsontv:1960550"
"320","2026-09-29 09:05","Selasa","Basketball","LNB","Lanus - Gimnasia","Lanus","Gimnasia","","","1","[US] Fanatiz","[US] Fanatiz","","2026-09-29T01:05:00.000Z","livesportsontv:1964878"
"321","2026-09-29 09:06","Selasa","Soccer","Liga MX Femenil","Necaxa - Toluca","Necaxa","Toluca","","","1","[US] FOX Deportes","","[US] FOX Deportes","2026-09-29T01:06:00.000Z","livesportsontv:1935496"
"322","2026-09-29 10:00","Selasa","Soccer","CONCACAF Nations League","Guatemala - El Salvador","Guatemala","El Salvador","","","4","[US] Fubo Sports, [US] FOX Sports 2, [US] TUDN, [US] ViX","[US] Fubo Sports","[US] FOX Sports 2, [US] TUDN, [US] ViX","2026-09-29T02:00:00.000Z","livesportsontv:1967420"
"323","2026-09-29 17:00","Selasa","Baseball","NPB","Seibu Lions - Orix Buffaloes","Seibu Lions","Orix Buffaloes","","","1","[US] Next Level Sports","","[US] Next Level Sports","2026-09-29T09:00:00.000Z","livesportsontv:1842570"
"324","2026-09-29 17:00","Selasa","Soccer","ASEAN Cup","Philippines - Pakistan","Philippines","Pakistan","","","2","[US] DAZN, [CA] DAZN Canada","[US] DAZN, [CA] DAZN Canada","","2026-09-29T09:00:00.000Z","livesportsontv:1974768"
"325","2026-09-29 19:00","Selasa","Tennis","ATP","Chengdu Open","","","","","1","[CA] TSN+","","[CA] TSN+","2026-09-29T11:00:00.000Z","livesportsontv:1971776"
"326","2026-09-29 19:30","Selasa","Tennis","ATP","Hangzhou Open","","","","","2","[US] T2, [CA] TSN+","","[US] T2, [CA] TSN+","2026-09-29T11:30:00.000Z","livesportsontv:1971777"
"327","2026-09-29 20:30","Selasa","Soccer","ASEAN Cup","Thailand - Vietnam","Thailand","Vietnam","","","2","[US] DAZN, [CA] DAZN Canada","[US] DAZN, [CA] DAZN Canada","","2026-09-29T12:30:00.000Z","livesportsontv:1974769"
"328","2026-09-29 21:00","Selasa","Soccer","Africa Cup of Nations Qualifier","Lesotho - Morocco","Lesotho","Morocco","","","2","[US] beIN USA, [CA] beIN Canada","","[US] beIN USA, [CA] beIN Canada","2026-09-29T13:00:00.000Z","livesportsontv:1953375"
"329","2026-09-29 21:00","Selasa","Soccer","Africa Cup of Nations Qualifier","South Sudan - Egypt","South Sudan","Egypt","","","2","[US] beIN USA Espanol, [CA] beIN Canada Espanol","","[US] beIN USA Espanol, [CA] beIN Canada Espanol","2026-09-29T13:00:00.000Z","livesportsontv:1953387"
"330","2026-09-29 21:00","Selasa","Soccer","Africa Cup of Nations Qualifier","Ethiopia - Senegal","Ethiopia","Senegal","","","1","[US] beIN SPORTS Xtra","","[US] beIN SPORTS Xtra","2026-09-29T13:00:00.000Z","livesportsontv:1953488"
"331","2026-09-29 21:30","Selasa","Tennis","ATP","Hangzhou Open","","","","","1","[US] Tennis Channel","","[US] Tennis Channel","2026-09-29T13:30:00.000Z","livesportsontv:1974805"
"332","2026-10-02 00:00","Jumat","Soccer","UEFA Nations League","Azerbaijan - Liechtenstein","Azerbaijan","Liechtenstein","","","3","[US] FOX Soccer Plus, [US] ViX, [CA] DAZN Canada","[CA] DAZN Canada","[US] FOX Soccer Plus, [US] ViX","2026-10-01T16:00:00.000Z","livesportsontv:1907806"
"333","2026-10-02 00:00","Jumat","Soccer","Africa Cup of Nations Qualifier","Guinea - Kenya","Guinea","Kenya","","","4","[US] beIN USA, [US] beIN USA Espanol, [CA] beIN Canada, [CA] beIN Canada Espanol","","[US] beIN USA, [US] beIN USA Espanol, [CA] beIN Canada, [CA] beIN Canada Espanol","2026-10-01T16:00:00.000Z","livesportsontv:1953409"
"334","2026-10-02 00:30","Jumat","Volleyball","Women's College Volleyball","Texas A&M-CC - Houston Christian","Texas A&M-CC","Houston Christian","","","2","[US] ESPN Select, [US] ESPN Unlimited","[US] ESPN Select, [US] ESPN Unlimited","","2026-10-01T16:30:00.000Z","livesportsontv:1968245"
"335","2026-10-02 00:45","Jumat","Soccer","UEFA Women's Champions League","Austria Wien - Inter Milan","Austria Wien","Inter Milan","","","6","[US] Fubo Sports, [US] ESPN Unlimited, [US] Paramount+, [US] CBSSN, [US] ESPN Deportes, [US] Show more","[US] Fubo Sports, [US] ESPN Unlimited","[US] Paramount+, [US] CBSSN, [US] ESPN Deportes, [US] Show more","2026-10-01T16:45:00.000Z","livesportsontv:1964280"
"336","2026-10-02 00:45","Jumat","Soccer","UEFA Women's Champions League","HB Køge - Servette Chênois","HB Køge","Servette Chênois","","","4","[US] Fubo Sports, [US] ESPN Unlimited, [US] Paramount+, [US] ESPN Deportes","[US] Fubo Sports, [US] ESPN Unlimited","[US] Paramount+, [US] ESPN Deportes","2026-10-01T16:45:00.000Z","livesportsontv:1970830"
"337","2026-10-02 01:00","Jumat","Volleyball","Women's College Volleyball","UT Rio Grande Valley - Incarnate Word","UT Rio Grande Valley","Incarnate Word","","","2","[US] ESPN Select, [US] ESPN Unlimited","[US] ESPN Select, [US] ESPN Unlimited","","2026-10-01T17:00:00.000Z","livesportsontv:1968246"
"338","2026-10-02 01:00","Jumat","Equestrian","Horse Racing","America's Day at the Races","","","","","4","[US] Fubo Sports, [US] FOX Sports 2, [US] FOX One, [CA] FOX Sports Racing","[US] Fubo Sports","[US] FOX Sports 2, [US] FOX One, [CA] FOX Sports Racing","2026-10-01T17:00:00.000Z","livesportsontv:1969421"
"339","2026-10-02 01:00","Jumat","Fighting","MMA","Extreme Fighting Championship","","","","","3","[US] DAZN, [US] Next Level Sports, [CA] DAZN Canada","[US] DAZN, [CA] DAZN Canada","[US] Next Level Sports","2026-10-01T17:00:00.000Z","livesportsontv:1973018"
"340","2026-10-02 01:00","Jumat","Soccer","College Soccer","Le Moyne - New Haven","Le Moyne","New Haven","","","1","[US] NEC Front Row","","[US] NEC Front Row","2026-10-01T17:00:00.000Z","livesportsontv:1973368"
"341","2026-10-02 02:00","Jumat","Baseball","MLB","Atlanta Braves - Philadelphia Phillies","Atlanta Braves","Philadelphia Phillies","","","6","[US] Fubo Sports, [US] ESPN Unlimited, [US] Peacock, [US] ABC, [US] NBC, [US] Show more","[US] Fubo Sports, [US] ESPN Unlimited, [US] Peacock","[US] ABC, [US] NBC, [US] Show more","2026-10-01T18:00:00.000Z","livesportsontv:1947582"
"342","2026-10-02 02:45","Jumat","Soccer","UEFA Nations League","Malta - Gibraltar","Malta","Gibraltar","","","2","[US] ViX, [CA] DAZN Canada","[CA] DAZN Canada","[US] ViX","2026-10-01T18:45:00.000Z","livesportsontv:1907807"
"343","2026-10-02 02:45","Jumat","Soccer","UEFA Nations League","Republic of Ireland - Austria","Republic of Ireland","Austria","","","2","[US] ViX, [CA] DAZN Canada","[CA] DAZN Canada","[US] ViX","2026-10-01T18:45:00.000Z","livesportsontv:1907830"
"344","2026-10-02 02:45","Jumat","Soccer","UEFA Nations League","Israel - Kosovo","Israel","Kosovo","","","2","[US] ViX, [CA] DAZN Canada","[CA] DAZN Canada","[US] ViX","2026-10-01T18:45:00.000Z","livesportsontv:1907831"
"345","2026-10-02 02:45","Jumat","Soccer","UEFA Nations League","Denmark - Portugal","Denmark","Portugal","","","2","[US] ViX, [CA] DAZN Canada","[CA] DAZN Canada","[US] ViX","2026-10-01T18:45:00.000Z","livesportsontv:1907878"
"346","2026-10-02 02:45","Jumat","Soccer","UEFA Nations League","Germany - Serbia","Germany","Serbia","","","4","[US] Fubo Sports, [US] ViX, [US] fubo Sports Network, [CA] DAZN Canada","[US] Fubo Sports, [CA] DAZN Canada","[US] ViX, [US] fubo Sports Network","2026-10-01T18:45:00.000Z","livesportsontv:1907879"
"347","2026-10-02 02:45","Jumat","Soccer","UEFA Nations League","Greece - Netherlands","Greece","Netherlands","","","3","[US] FOX Soccer Plus, [US] ViX, [CA] DAZN Canada","[CA] DAZN Canada","[US] FOX Soccer Plus, [US] ViX","2026-10-01T18:45:00.000Z","livesportsontv:1907880"
"348","2026-10-02 02:45","Jumat","Soccer","UEFA Nations League","Wales - Norway","Wales","Norway","","","6","[US] Fubo Sports, [US] FOX Sports 1, [US] FOX Sports 2, [US] FOX One, [US] ViX, [US] Show more","[US] Fubo Sports","[US] FOX Sports 1, [US] FOX Sports 2, [US] FOX One, [US] ViX, [US] Show more","2026-10-01T18:45:00.000Z","livesportsontv:1907881"
"349","2026-10-02 03:00","Jumat","Soccer","UEFA Women's Champions League","Manchester City - Real Madrid","Manchester City","Real Madrid","","","5","[US] Fubo Sports, [US] ESPN Unlimited, [US] Paramount+, [US] ESPN Deportes, [CA] OneSoccer","[US] Fubo Sports, [US] ESPN Unlimited","[US] Paramount+, [US] ESPN Deportes, [CA] OneSoccer","2026-10-01T19:00:00.000Z","livesportsontv:1964277"
"350","2026-10-02 03:00","Jumat","Soccer","CONCACAF Nations League","British Virgin Islands - Montserrat","British Virgin Islands","Montserrat","","","2","[US] FOX One, [US] ViX","","[US] FOX One, [US] ViX","2026-10-01T19:00:00.000Z","livesportsontv:1967426"
"351","2026-10-02 03:00","Jumat","Soccer","UEFA Women's Champions League","PSG - OH Leuven","PSG","OH Leuven","","","3","[US] Fubo Sports, [US] Paramount+, [US] CBSSN","[US] Fubo Sports","[US] Paramount+, [US] CBSSN","2026-10-01T19:00:00.000Z","livesportsontv:1970831"
"352","2026-10-02 03:00","Jumat","Soccer","Women's College Soccer","Bowling Green - UMass Amherst","Bowling Green","UMass Amherst","","","1","[US] YouTube","","[US] YouTube","2026-10-01T19:00:00.000Z","livesportsontv:1973384"
"353","2026-10-02 03:00","Jumat","Soccer","Women's College Soccer","Stonehill - Le Moyne","Stonehill","Le Moyne","","","1","[US] NEC Front Row","","[US] NEC Front Row","2026-10-01T19:00:00.000Z","livesportsontv:1973385"
"354","2026-10-02 04:00","Jumat","Soccer","CONCACAF Nations League","US Virgin Islands - Saint Martin","US Virgin Islands","Saint Martin","","","3","[US] FOX One, [US] ViX, [US] Tubi","","[US] FOX One, [US] ViX, [US] Tubi","2026-10-01T20:00:00.000Z","livesportsontv:1967427"
"355","2026-10-02 04:00","Jumat","Soccer","Women's College Soccer","Ball State - Eastern Michigan","Ball State","Eastern Michigan","","","2","[US] ESPN Select, [US] ESPN Unlimited","[US] ESPN Select, [US] ESPN Unlimited","","2026-10-01T20:00:00.000Z","livesportsontv:1967820"
"356","2026-10-02 04:00","Jumat","Soccer","Women's College Soccer","Ohio - Central Michigan","Ohio","Central Michigan","","","2","[US] ESPN Select, [US] ESPN Unlimited","[US] ESPN Select, [US] ESPN Unlimited","","2026-10-01T20:00:00.000Z","livesportsontv:1967821"
"357","2026-10-02 04:00","Jumat","Soccer","Women's College Soccer","Temple - East Carolina","Temple","East Carolina","","","2","[US] ESPN Select, [US] ESPN Unlimited","[US] ESPN Select, [US] ESPN Unlimited","","2026-10-01T20:00:00.000Z","livesportsontv:1967822"
"358","2026-10-02 04:00","Jumat","Soccer","Women's College Soccer","VMI - Chattanooga","VMI","Chattanooga","","","2","[US] ESPN Select, [US] ESPN Unlimited","[US] ESPN Select, [US] ESPN Unlimited","","2026-10-01T20:00:00.000Z","livesportsontv:1967823"
"359","2026-10-02 04:00","Jumat","Golf","PGA Tour","Bank of Utah Championship","","","","","3","[US] Fubo Sports, [US] Golf Channel USA, [CA] Golf Channel Canada","[US] Fubo Sports","[US] Golf Channel USA, [CA] Golf Channel Canada","2026-10-01T20:00:00.000Z","livesportsontv:1976159"
"360","2026-10-02 04:30","Jumat","Equestrian","Horse Racing","America's Day at the Races","","","","","4","[US] Fubo Sports, [US] FOX Sports 2, [US] FOX One, [CA] FOX Sports Racing","[US] Fubo Sports","[US] FOX Sports 2, [US] FOX One, [CA] FOX Sports Racing","2026-10-01T20:30:00.000Z","livesportsontv:1974865"
"361","2026-10-02 05:00","Jumat","Baseball","MLB","Houston Astros - Chicago White Sox","Houston Astros","Chicago White Sox","","","3","[US] Peacock, [US] NBCS Network, [US] NBC Universo","[US] Peacock","[US] NBCS Network, [US] NBC Universo","2026-10-01T21:00:00.000Z","livesportsontv:1947581"
"362","2026-10-02 05:00","Jumat","Soccer","CONCACAF Nations League","Dominica - Guyana","Dominica","Guyana","","","2","[US] FOX Soccer Plus, [US] ViX","","[US] FOX Soccer Plus, [US] ViX","2026-10-01T21:00:00.000Z","livesportsontv:1967428"
"363","2026-10-02 05:00","Jumat","Soccer","Women's College Soccer","Purdue Fort Wayne - Northern Illinois","Purdue Fort Wayne","Northern Illinois","","","2","[US] ESPN Select, [US] ESPN Unlimited","[US] ESPN Select, [US] ESPN Unlimited","","2026-10-01T21:00:00.000Z","livesportsontv:1967824"
"364","2026-10-02 05:00","Jumat","Soccer","Women's College Soccer","Queens - Jacksonville","Queens","Jacksonville","","","2","[US] ESPN Select, [US] ESPN Unlimited","[US] ESPN Select, [US] ESPN Unlimited","","2026-10-01T21:00:00.000Z","livesportsontv:1967830"
"365","2026-10-02 05:30","Jumat","Soccer","Women's College Soccer","Missouri State - Jacksonville State","Missouri State","Jacksonville State","","","2","[US] ESPN Select, [US] ESPN Unlimited","[US] ESPN Select, [US] ESPN Unlimited","","2026-10-01T21:30:00.000Z","livesportsontv:1967826"
"366","2026-10-02 06:00","Jumat","Soccer","CONCACAF Nations League","Curaçao - Trinidad and Tobago","Curaçao","Trinidad and Tobago","","","5","[US] Fubo Sports, [US] FOX Sports 2, [US] FOX One, [US] ViX, [CA] OneSoccer","[US] Fubo Sports","[US] FOX Sports 2, [US] FOX One, [US] ViX, [CA] OneSoccer","2026-10-01T22:00:00.000Z","livesportsontv:1967429"
"367","2026-10-02 06:00","Jumat","Soccer","College Soccer","Southern Indiana - Eastern Illinois","Southern Indiana","Eastern Illinois","","","2","[US] ESPN Select, [US] ESPN Unlimited","[US] ESPN Select, [US] ESPN Unlimited","","2026-10-01T22:00:00.000Z","livesportsontv:1967610"
"368","2026-10-02 06:00","Jumat","Soccer","Women's College Soccer","Florida International - University of Delaware","Florida International","University of Delaware","","","2","[US] ESPN Select, [US] ESPN Unlimited","[US] ESPN Select, [US] ESPN Unlimited","","2026-10-01T22:00:00.000Z","livesportsontv:1967827"
"369","2026-10-02 06:00","Jumat","Ice Hockey","Women's College Ice Hockey","Maine - St. Lawrence","Maine","St. Lawrence","","","2","[US] ESPN Select, [US] ESPN Unlimited","[US] ESPN Select, [US] ESPN Unlimited","","2026-10-01T22:00:00.000Z","livesportsontv:1968212"
"370","2026-10-02 06:00","Jumat","Volleyball","Women's College Volleyball","Kent State - Bowling Green","Kent State","Bowling Green","","","2","[US] ESPN Select, [US] ESPN Unlimited","[US] ESPN Select, [US] ESPN Unlimited","","2026-10-01T22:00:00.000Z","livesportsontv:1968247"
"371","2026-10-02 06:00","Jumat","Volleyball","Women's College Volleyball","West Georgia - Central Arkansas","West Georgia","Central Arkansas","","","2","[US] ESPN Select, [US] ESPN Unlimited","[US] ESPN Select, [US] ESPN Unlimited","","2026-10-01T22:00:00.000Z","livesportsontv:1968248"
"372","2026-10-02 06:00","Jumat","Volleyball","Women's College Volleyball","Eastern Kentucky - Tarleton State","Eastern Kentucky","Tarleton State","","","2","[US] ESPN Select, [US] ESPN Unlimited","[US] ESPN Select, [US] ESPN Unlimited","","2026-10-01T22:00:00.000Z","livesportsontv:1968249"
"373","2026-10-02 06:00","Jumat","Volleyball","Women's College Volleyball","Georgia State - James Madison","Georgia State","James Madison","","","2","[US] ESPN Select, [US] ESPN Unlimited","[US] ESPN Select, [US] ESPN Unlimited","","2026-10-01T22:00:00.000Z","livesportsontv:1968250"
"374","2026-10-02 06:00","Jumat","Volleyball","Women's College Volleyball","East Texas A&M - New Orleans","East Texas A&M","New Orleans","","","2","[US] ESPN Select, [US] ESPN Unlimited","[US] ESPN Select, [US] ESPN Unlimited","","2026-10-01T22:00:00.000Z","livesportsontv:1968251"
"375","2026-10-02 06:00","Jumat","Volleyball","Women's College Volleyball","Furman - Chattanooga","Furman","Chattanooga","","","2","[US] ESPN Select, [US] ESPN Unlimited","[US] ESPN Select, [US] ESPN Unlimited","","2026-10-01T22:00:00.000Z","livesportsontv:1968252"
"376","2026-10-02 06:30","Jumat","Volleyball","Women's College Volleyball","Miami (OH) - Buffalo","Miami (OH)","Buffalo","","","2","[US] ESPN Select, [US] ESPN Unlimited","[US] ESPN Select, [US] ESPN Unlimited","","2026-10-01T22:30:00.000Z","livesportsontv:1968253"
"377","2026-10-02 07:00","Jumat","Ice Hockey","OHL","Barrie Colts - Niagara IceDogs","Barrie Colts","Niagara IceDogs","","","1","[US] FloHockey","","[US] FloHockey","2026-10-01T23:00:00.000Z","livesportsontv:1908167"
"378","2026-10-02 07:00","Jumat","Ice Hockey","OHL","Chicoutimi Sagueneens - Charlottetown Islanders","Chicoutimi Sagueneens","Charlottetown Islanders","","","1","[US] FloHockey","","[US] FloHockey","2026-10-01T23:00:00.000Z","livesportsontv:1908634"
"379","2026-10-02 07:00","Jumat","Ice Hockey","OHL","Gatineau Olympiques - Shawinigan Cataractes","Gatineau Olympiques","Shawinigan Cataractes","","","1","[US] FloHockey","","[US] FloHockey","2026-10-01T23:00:00.000Z","livesportsontv:1908635"
"380","2026-10-02 07:00","Jumat","Ice Hockey","OHL","Sherbrooke Phoenix - Rimouski Oceanic","Sherbrooke Phoenix","Rimouski Oceanic","","","1","[US] FloHockey","","[US] FloHockey","2026-10-01T23:00:00.000Z","livesportsontv:1908636"
"381","2026-10-02 07:00","Jumat","Ice Hockey","NHL","New Jersey Devils - Philadelphia Flyers","New Jersey Devils","Philadelphia Flyers","","","5","[US] ESPN Select, [US] ESPN Unlimited, [US] Hulu, [US] Disney+, [CA] Sportsnet+","[US] ESPN Select, [US] ESPN Unlimited, [US] Hulu, [US] Disney+","[CA] Sportsnet+","2026-10-01T23:00:00.000Z","livesportsontv:1929438"
"382","2026-10-02 07:00","Jumat","Ice Hockey","NHL","New York Rangers - Tampa Bay Lightning","New York Rangers","Tampa Bay Lightning","","","6","[US] ESPN Select, [US] ESPN Unlimited, [US] MSGSN, [US] Scripps 66, [US] The Spot, [US] Show more","[US] ESPN Select, [US] ESPN Unlimited","[US] MSGSN, [US] Scripps 66, [US] The Spot, [US] Show more","2026-10-01T23:00:00.000Z","livesportsontv:1929439"
"383","2026-10-02 07:00","Jumat","Ice Hockey","NHL","Columbus Blue Jackets - Buffalo Sabres","Columbus Blue Jackets","Buffalo Sabres","","","5","[US] ESPN Select, [US] ESPN Unlimited, [US] MSGSN, [US] MSGSN 2, [CA] Sportsnet+","[US] ESPN Select, [US] ESPN Unlimited","[US] MSGSN, [US] MSGSN 2, [CA] Sportsnet+","2026-10-01T23:00:00.000Z","livesportsontv:1929440"
"384","2026-10-02 07:00","Jumat","Volleyball","Women's College Volleyball","Maryland - Iowa","Maryland","Iowa","","","1","[US] Big Ten Plus","","[US] Big Ten Plus","2026-10-01T23:00:00.000Z","livesportsontv:1962110"
"385","2026-10-02 07:00","Jumat","Soccer","CONCACAF Nations League","Anguilla - Antigua and Barbuda","Anguilla","Antigua and Barbuda","","","3","[US] FOX One, [US] ViX, [US] Tubi","","[US] FOX One, [US] ViX, [US] Tubi","2026-10-01T23:00:00.000Z","livesportsontv:1967430"
"386","2026-10-02 07:00","Jumat","Soccer","College Soccer","SIU Edwardsville - Western Illinois","SIU Edwardsville","Western Illinois","","","2","[US] ESPN Select, [US] ESPN Unlimited","[US] ESPN Select, [US] ESPN Unlimited","","2026-10-01T23:00:00.000Z","livesportsontv:1967611"
"387","2026-10-02 07:00","Jumat","Ice Hockey","Women's College Ice Hockey","Holy Cross - Assumption","Holy Cross","Assumption","","","2","[US] ESPN Select, [US] ESPN Unlimited","[US] ESPN Select, [US] ESPN Unlimited","","2026-10-01T23:00:00.000Z","livesportsontv:1968213"
"388","2026-10-02 07:05","Jumat","Ice Hockey","OHL","Peterborough Petes - Erie Otters","Peterborough Petes","Erie Otters","","","1","[US] FloHockey","","[US] FloHockey","2026-10-01T23:05:00.000Z","livesportsontv:1908168"
"389","2026-10-02 07:05","Jumat","Ice Hockey","OHL","Windsor Spitfires - North Bay Battalion","Windsor Spitfires","North Bay Battalion","","","1","[US] FloHockey","","[US] FloHockey","2026-10-01T23:05:00.000Z","livesportsontv:1908169"
"390","2026-10-02 07:30","Jumat","Soccer","College Soccer","UT Rio Grande Valley - Houston Christian","UT Rio Grande Valley","Houston Christian","","","2","[US] ESPN Select, [US] ESPN Unlimited","[US] ESPN Select, [US] ESPN Unlimited","","2026-10-01T23:30:00.000Z","livesportsontv:1967612"
"391","2026-10-02 08:00","Jumat","Ice Hockey","NHL","Nashville Predators - Minnesota Wild","Nashville Predators","Minnesota Wild","","","5","[US] ESPN Select, [US] ESPN Unlimited, [US] Scripps 66, [US] WAVE, [CA] Sportsnet+","[US] ESPN Select, [US] ESPN Unlimited","[US] Scripps 66, [US] WAVE, [CA] Sportsnet+","2026-10-02T00:00:00.000Z","livesportsontv:1929441"
"392","2026-10-02 08:00","Jumat","Baseball","MLB","New York Yankees - Boston Red Sox","New York Yankees","Boston Red Sox","","","3","[US] Peacock, [US] NBC, [US] NBC Universo","[US] Peacock","[US] NBC, [US] NBC Universo","2026-10-02T00:00:00.000Z","livesportsontv:1947579"
"393","2026-10-02 08:00","Jumat","Football","College Football","New Mexico State - Western Kentucky","New Mexico State","Western Kentucky","","","2","[US] Fubo Sports, [US] CBSSN","[US] Fubo Sports","[US] CBSSN","2026-10-02T00:00:00.000Z","livesportsontv:1948981"
"394","2026-10-02 08:00","Jumat","Golf","LPGA Tour","Lotte Championship","","","","","3","[US] Fubo Sports, [US] Golf Channel USA, [CA] Golf Channel Canada","[US] Fubo Sports","[US] Golf Channel USA, [CA] Golf Channel Canada","2026-10-02T00:00:00.000Z","livesportsontv:1966374"
"395","2026-10-02 08:00","Jumat","Soccer","CONCACAF Nations League","Cayman Islands - Puerto Rico","Cayman Islands","Puerto Rico","","","2","[US] FOX Soccer Plus, [US] ViX","","[US] FOX Soccer Plus, [US] ViX","2026-10-02T00:00:00.000Z","livesportsontv:1967431"
"396","2026-10-02 08:00","Jumat","Soccer","CONCACAF Nations League","Dominican Republic - Haiti","Dominican Republic","Haiti","","","5","[US] Fubo Sports, [US] FOX Sports 2, [US] FOX One, [US] ViX, [CA] OneSoccer","[US] Fubo Sports","[US] FOX Sports 2, [US] FOX One, [US] ViX, [CA] OneSoccer","2026-10-02T00:00:00.000Z","livesportsontv:1967432"
"397","2026-10-02 08:00","Jumat","Soccer","College Soccer","Lindenwood - Incarnate Word","Lindenwood","Incarnate Word","","","2","[US] ESPN Select, [US] ESPN Unlimited","[US] ESPN Select, [US] ESPN Unlimited","","2026-10-02T00:00:00.000Z","livesportsontv:1967613"
"398","2026-10-02 08:00","Jumat","Ice Hockey","Women's College Ice Hockey","Wisconsin - Boston University","Wisconsin","Boston University","","","1","[US] Big Ten Plus","","[US] Big Ten Plus","2026-10-02T00:00:00.000Z","livesportsontv:1970994"
"399","2026-10-02 08:00","Jumat","Football","High School Football","Round Rock - Westlake","Round Rock","Westlake","","","1","[US] MyTV","","[US] MyTV","2026-10-02T00:00:00.000Z","livesportsontv:1976598"
"400","2026-10-02 08:15","Jumat","Football","NFL","Cleveland Browns - Pittsburgh Steelers","Cleveland Browns","Pittsburgh Steelers","","","6","[US] Prime Video, [CA] TSN+, [CA] TSN1, [CA] TSN3, [CA] TSN4, [US] Show more","","[US] Prime Video, [CA] TSN+, [CA] TSN1, [CA] TSN3, [CA] TSN4, [US] Show more","2026-10-02T00:15:00.000Z","livesportsontv:1894752"
"401","2026-10-02 09:00","Jumat","Ice Hockey","NHL","Calgary Flames - Seattle Kraken","Calgary Flames","Seattle Kraken","","","6","[US] ESPN Select, [US] ESPN Unlimited, [US] Prime Video, [US] KONG, [US] SN West, [US] Show more","[US] ESPN Select, [US] ESPN Unlimited","[US] Prime Video, [US] KONG, [US] SN West, [US] Show more","2026-10-02T01:00:00.000Z","livesportsontv:1929443"
"402","2026-10-02 09:00","Jumat","Football","College Football","Tulsa - North Texas","Tulsa","North Texas","","","4","[US] Fubo Sports, [US] ESPN Unlimited, [US] ESPN, [CA] TSN+","[US] Fubo Sports, [US] ESPN Unlimited","[US] ESPN, [CA] TSN+","2026-10-02T01:00:00.000Z","livesportsontv:1948982"
"403","2026-10-02 09:30","Jumat","Soccer","MLS","Seattle Sounders - Sporting Kansas City","Seattle Sounders","Sporting Kansas City","","","1","[US] Apple TV","[US] Apple TV","","2026-10-02T01:30:00.000Z","livesportsontv:1824295"
"404","2026-10-02 09:30","Jumat","Ice Hockey","NHL","Utah Mammoth - Chicago Blackhawks","Utah Mammoth","Chicago Blackhawks","","","5","[US] ESPN Select, [US] ESPN Unlimited, [US] Hulu, [US] Disney+, [CA] Sportsnet+","[US] ESPN Select, [US] ESPN Unlimited, [US] Hulu, [US] Disney+","[CA] Sportsnet+","2026-10-02T01:30:00.000Z","livesportsontv:1929442"
"405","2026-10-02 10:00","Jumat","Ice Hockey","NHL","Vancouver Canucks - Edmonton Oilers","Vancouver Canucks","Edmonton Oilers","","","5","[US] ESPN Select, [US] ESPN Unlimited, [US] SN One, [US] SN Pacific, [CA] SN NOW","[US] ESPN Select, [US] ESPN Unlimited","[US] SN One, [US] SN Pacific, [CA] SN NOW","2026-10-02T02:00:00.000Z","livesportsontv:1929444"
"406","2026-10-02 10:00","Jumat","Ice Hockey","NHL","San Jose Sharks - Florida Panthers","San Jose Sharks","Florida Panthers","","","6","[US] ESPN Select, [US] ESPN Unlimited, [CA] NBCS CA, [US] Scripps 66, [US] WHDT-TV, [US] Show more","[US] ESPN Select, [US] ESPN Unlimited","[CA] NBCS CA, [US] Scripps 66, [US] WHDT-TV, [US] Show more","2026-10-02T02:00:00.000Z","livesportsontv:1929445"
"407","2026-10-02 10:00","Jumat","Baseball","MLB","San Diego Padres - Chicago Cubs","San Diego Padres","Chicago Cubs","","","3","[US] Peacock, [US] NBCS Network, [US] NBC Universo","[US] Peacock","[US] NBCS Network, [US] NBC Universo","2026-10-02T02:00:00.000Z","livesportsontv:1947580"
"408","2026-10-02 10:00","Jumat","Soccer","CONCACAF Nations League","Nicaragua - Costa Rica","Nicaragua","Costa Rica","","","5","[US] Fubo Sports, [US] FOX Sports 2, [US] FOX One, [US] ViX, [CA] OneSoccer","[US] Fubo Sports","[US] FOX Sports 2, [US] FOX One, [US] ViX, [CA] OneSoccer","2026-10-02T02:00:00.000Z","livesportsontv:1967433"
"409","2026-10-02 10:00","Jumat","Tennis","ATP","Japan Open","","","","","2","[US] Tennis Channel, [CA] TSN+","","[US] Tennis Channel, [CA] TSN+","2026-10-02T02:00:00.000Z","livesportsontv:1974786"
"410","2026-10-02 11:00","Jumat","Tennis","WTA","China Open","","","","","3","[CA] TSN+, [CA] TSN2, [CA] DAZN Canada","[CA] DAZN Canada","[CA] TSN+, [CA] TSN2","2026-10-02T03:00:00.000Z","livesportsontv:1966004"
"411","2026-10-02 12:30","Jumat","Motorsports","Formula 1","Bahrain Grand Prix","","","","","1","[US] Apple TV","[US] Apple TV","","2026-10-02T04:30:00.000Z","livesportsontv:1939242"
"412","2026-10-02 13:00","Jumat","Tennis","ATP","China Open","","","","","2","[US] Tennis Channel, [CA] TSN+","","[US] Tennis Channel, [CA] TSN+","2026-10-02T05:00:00.000Z","livesportsontv:1974784"
"413","2026-10-02 14:01","Jumat","Motorsports","World Rally Championship","Rally Italia Sardegna","","","","","2","[US] DAZN, [CA] DAZN Canada","[US] DAZN, [CA] DAZN Canada","","2026-10-02T06:01:00.000Z","livesportsontv:1973019"
"414","2026-10-02 16:00","Jumat","Motorsports","Formula 1","Bahrain Grand Prix","","","","","4","[US] Apple TV, [CA] TSN+, [CA] TSN1, [CA] TSN5","[US] Apple TV","[CA] TSN+, [CA] TSN1, [CA] TSN5","2026-10-02T08:00:00.000Z","livesportsontv:1939245"
"415","2026-10-02 16:00","Jumat","Cycling","Women's Road Cycling","UEC Road European Championships","","","","","2","[US] Sling TV, [US] HBO Max","[US] Sling TV","[US] HBO Max","2026-10-02T08:00:00.000Z","livesportsontv:1976543"
"416","2026-10-02 17:00","Jumat","Baseball","NPB","Chiba Lotte Marines - Fukuoka","Chiba Lotte Marines","Fukuoka","","","1","[US] Next Level Sports","","[US] Next Level Sports","2026-10-02T09:00:00.000Z","livesportsontv:1965861"
"417","2026-10-02 17:00","Jumat","Soccer","ASEAN Cup","Vietnam - Pakistan","Vietnam","Pakistan","","","2","[US] DAZN, [CA] DAZN Canada","[US] DAZN, [CA] DAZN Canada","","2026-10-02T09:00:00.000Z","livesportsontv:1974774"
"418","2026-10-02 17:00","Jumat","Soccer","ASEAN Cup","Thailand - Philippines","Thailand","Philippines","","","2","[US] DAZN, [CA] DAZN Canada","[US] DAZN, [CA] DAZN Canada","","2026-10-02T09:00:00.000Z","livesportsontv:1974775"
"419","2026-10-02 19:00","Jumat","Golf","DP World Tour","Alfred Dunhill Links Championship","","","","","3","[US] Fubo Sports, [US] Golf Channel USA, [CA] Golf Channel Canada","[US] Fubo Sports","[US] Golf Channel USA, [CA] Golf Channel Canada","2026-10-02T11:00:00.000Z","livesportsontv:1966375"
"420","2026-10-02 19:00","Jumat","Tennis","ATP","China Open","","","","","1","[CA] RDS","","[CA] RDS","2026-10-02T11:00:00.000Z","livesportsontv:1971780"
"421","2026-10-02 19:00","Jumat","Tennis","WTA","China Open","","","","","1","[US] Tennis Channel","","[US] Tennis Channel","2026-10-02T11:00:00.000Z","livesportsontv:1976588"
"422","2026-10-02 20:30","Jumat","Motorsports","World Rally Championship","Rally Italia Sardegna","","","","","2","[US] DAZN, [CA] DAZN Canada","[US] DAZN, [CA] DAZN Canada","","2026-10-02T12:30:00.000Z","livesportsontv:1973608"
"423","2026-10-02 21:30","Jumat","Fighting","MMA","One Friday Fights","","","","","4","[US] beIN USA, [US] beIN USA Espanol, [CA] beIN Canada, [CA] beIN Canada Espanol","","[US] beIN USA, [US] beIN USA Espanol, [CA] beIN Canada, [CA] beIN Canada Espanol","2026-10-02T13:30:00.000Z","livesportsontv:1971805"
"424","2026-10-02 21:30","Jumat","Cycling","Men's Road Cycling","UEC Road European Championships","","","","","2","[US] Sling TV, [US] HBO Max","[US] Sling TV","[US] HBO Max","2026-10-02T13:30:00.000Z","livesportsontv:1976347"
"425","2026-10-02 21:52","Jumat","Swimming","Swimming World Cup","Swimming World Cup","","","","","1","[US] Peacock","[US] Peacock","","2026-10-02T13:52:00.000Z","livesportsontv:1965697"
"426","2026-10-02 22:00","Jumat","Soccer","UEFA Nations League","Kazakhstan - Moldova","Kazakhstan","Moldova","","","4","[US] Fubo Sports, [US] FOX Sports 2, [US] FOX One, [CA] DAZN Canada","[US] Fubo Sports, [CA] DAZN Canada","[US] FOX Sports 2, [US] FOX One","2026-10-02T14:00:00.000Z","livesportsontv:1908042"
"427","2026-10-02 23:00","Jumat","Ice Hockey","Women's College Ice Hockey","Vermont - Minnesota Duluth","Vermont","Minnesota Duluth","","","2","[US] ESPN Select, [US] ESPN Unlimited","[US] ESPN Select, [US] ESPN Unlimited","","2026-10-02T15:00:00.000Z","livesportsontv:1967600"
"428","2026-10-02 23:40","Jumat","Motorsports","IMSA Michelin Pilot Challenge","FOX Factory 120","","","","","1","[US] Peacock","[US] Peacock","","2026-10-02T15:40:00.000Z","livesportsontv:1976349"
"429","2026-10-03 00:00","Sabtu","Soccer","UEFA Nations League","Cyprus - Armenia","Cyprus","Armenia","","","2","[US] FOX Soccer Plus, [CA] DAZN Canada","[CA] DAZN Canada","[US] FOX Soccer Plus","2026-10-02T16:00:00.000Z","livesportsontv:1908043"
"430","2026-10-03 00:00","Sabtu","Soccer","UEFA Nations League","Latvia - Montenegro","Latvia","Montenegro","","","3","[US] Fubo Sports, [US] fubo Sports Network, [CA] DAZN Canada","[US] Fubo Sports, [CA] DAZN Canada","[US] fubo Sports Network","2026-10-02T16:00:00.000Z","livesportsontv:1908044"
"431","2026-10-03 00:00","Sabtu","Golf","PGA Tour Champions","Jefferson Lehigh Valley Classic","","","","","3","[US] Fubo Sports, [US] Golf Channel USA, [CA] Golf Channel Canada","[US] Fubo Sports","[US] Golf Channel USA, [CA] Golf Channel Canada","2026-10-02T16:00:00.000Z","livesportsontv:1976350"
"432","2026-10-03 01:00","Sabtu","Equestrian","Horse Racing","America's Day at the Races","","","","","3","[US] Fubo Sports, [US] FOX Sports 2, [CA] FOX Sports Racing","[US] Fubo Sports","[US] FOX Sports 2, [CA] FOX Sports Racing","2026-10-02T17:00:00.000Z","livesportsontv:1971806"
"433","2026-10-03 02:20","Sabtu","Motorsports","IMSA SportsCar Championship","Motul Petit Le Mans","","","","","1","[US] Peacock","[US] Peacock","","2026-10-02T18:20:00.000Z","livesportsontv:1976591"
"434","2026-10-03 02:30","Sabtu","Soccer","LaLiga2","Eldense - Real Oviedo","Eldense","Real Oviedo","","","4","[US] Fubo Sports, [US] ESPN Select, [US] ESPN Unlimited, [US] ESPN Deportes","[US] Fubo Sports, [US] ESPN Select, [US] ESPN Unlimited","[US] ESPN Deportes","2026-10-02T18:30:00.000Z","livesportsontv:1918240"
"435","2026-10-03 02:45","Sabtu","Rugby Union","United Rugby Championship","Cardiff Rugby - Zebre","Cardiff Rugby","Zebre","","","1","[CA] Sportsnet+","","[CA] Sportsnet+","2026-10-02T18:45:00.000Z","livesportsontv:1896273"
"436","2026-10-03 02:45","Sabtu","Rugby Union","United Rugby Championship","Edinburgh - Stormers","Edinburgh","Stormers","","","1","[CA] Sportsnet+","","[CA] Sportsnet+","2026-10-02T18:45:00.000Z","livesportsontv:1896274"
"437","2026-10-03 02:45","Sabtu","Rugby Union","United Rugby Championship","Benetton - Connacht Eagles","Benetton","Connacht Eagles","","","1","[CA] Sportsnet+","","[CA] Sportsnet+","2026-10-02T18:45:00.000Z","livesportsontv:1896275"
"438","2026-10-03 02:45","Sabtu","Soccer","UEFA Nations League","Bosnia-Herzegovina - Sweden","Bosnia-Herzegovina","Sweden","","","2","[US] FOX Soccer Plus, [CA] DAZN Canada","[CA] DAZN Canada","[US] FOX Soccer Plus","2026-10-02T18:45:00.000Z","livesportsontv:1907832"
"439","2026-10-03 02:45","Sabtu","Soccer","UEFA Nations League","Hungary - Georgia","Hungary","Georgia","","","1","[CA] DAZN Canada","[CA] DAZN Canada","","2026-10-02T18:45:00.000Z","livesportsontv:1907833"
"440","2026-10-03 02:45","Sabtu","Soccer","UEFA Nations League","Poland - Romania","Poland","Romania","","","1","[CA] DAZN Canada","[CA] DAZN Canada","","2026-10-02T18:45:00.000Z","livesportsontv:1907834"
"441","2026-10-03 02:45","Sabtu","Soccer","UEFA Nations League","Ukraine - Northern Ireland","Ukraine","Northern Ireland","","","1","[CA] DAZN Canada","[CA] DAZN Canada","","2026-10-02T18:45:00.000Z","livesportsontv:1907835"
"442","2026-10-03 02:45","Sabtu","Soccer","UEFA Nations League","Belgium - Türkiye","Belgium","Türkiye","","","3","[US] Fubo Sports, [US] fubo Sports Network, [CA] DAZN Canada","[US] Fubo Sports, [CA] DAZN Canada","[US] fubo Sports Network","2026-10-02T18:45:00.000Z","livesportsontv:1907882"
"443","2026-10-03 02:45","Sabtu","Soccer","UEFA Nations League","France - Italy","France","Italy","","","4","[US] Fubo Sports, [US] FOX Sports 1, [US] FOX One, [CA] DAZN Canada","[US] Fubo Sports, [CA] DAZN Canada","[US] FOX Sports 1, [US] FOX One","2026-10-02T18:45:00.000Z","livesportsontv:1907883"
"444","2026-10-03 02:45","Sabtu","Soccer","UEFA Nations League","Faroe Islands - Slovakia","Faroe Islands","Slovakia","","","1","[CA] DAZN Canada","[CA] DAZN Canada","","2026-10-02T18:45:00.000Z","livesportsontv:1908045"
"445","2026-10-03 02:45","Sabtu","Rugby Union","Premiership Rugby","Bath - Exeter Chiefs","Bath","Exeter Chiefs","","","3","[CA] SN World, [CA] SN NOW, [CA] Sportsnet+","","[CA] SN World, [CA] SN NOW, [CA] Sportsnet+","2026-10-02T18:45:00.000Z","livesportsontv:1936400"
"446","2026-10-03 03:00","Sabtu","Ice Hockey","Women's College Ice Hockey","Quinnipiac - Providence","Quinnipiac","Providence","","","2","[US] ESPN Select, [US] ESPN Unlimited","[US] ESPN Select, [US] ESPN Unlimited","","2026-10-02T19:00:00.000Z","livesportsontv:1967331"
"447","2026-10-03 03:00","Sabtu","Soccer","CONCACAF Nations League","St. Lucia - Guadeloupe","St. Lucia","Guadeloupe","","","2","[US] FOX One, [US] Tubi","","[US] FOX One, [US] Tubi","2026-10-02T19:00:00.000Z","livesportsontv:1967434"
"448","2026-10-03 03:00","Sabtu","Soccer","College Soccer","Villanova - UConn","Villanova","UConn","","","2","[US] ESPN Select, [US] ESPN Unlimited","[US] ESPN Select, [US] ESPN Unlimited","","2026-10-02T19:00:00.000Z","livesportsontv:1967614"
"449","2026-10-03 03:00","Sabtu","Ice Hockey","Women's College Ice Hockey","Maine - St. Lawrence","Maine","St. Lawrence","","","2","[US] ESPN Select, [US] ESPN Unlimited","[US] ESPN Select, [US] ESPN Unlimited","","2026-10-02T19:00:00.000Z","livesportsontv:1968214"
"450","2026-10-03 03:00","Sabtu","Golf","Korn Ferry Tour","Compliance Solutions Championship","","","","","3","[US] Fubo Sports, [US] Golf Channel USA, [CA] Golf Channel Canada","[US] Fubo Sports","[US] Golf Channel USA, [CA] Golf Channel Canada","2026-10-02T19:00:00.000Z","livesportsontv:1976592"
"451","2026-10-03 03:55","Sabtu","Motorsports","Porsche Carrera Cup North America","Michelin Raceway Road Atlanta","","","","","1","[US] Peacock","[US] Peacock","","2026-10-02T19:55:00.000Z","livesportsontv:1976593"
"452","2026-10-03 04:00","Sabtu","Ice Hockey","Women's College Ice Hockey","Merrimack - Union","Merrimack","Union","","","2","[US] ESPN Select, [US] ESPN Unlimited","[US] ESPN Select, [US] ESPN Unlimited","","2026-10-02T20:00:00.000Z","livesportsontv:1967601"
"453","2026-10-03 04:00","Sabtu","Soccer","College Soccer","DePaul - Akron","DePaul","Akron","","","2","[US] ESPN Select, [US] ESPN Unlimited","[US] ESPN Select, [US] ESPN Unlimited","","2026-10-02T20:00:00.000Z","livesportsontv:1967615"
"454","2026-10-03 04:00","Sabtu","Volleyball","Women's College Volleyball","Stetson - West Florida","Stetson","West Florida","","","2","[US] ESPN Select, [US] ESPN Unlimited","[US] ESPN Select, [US] ESPN Unlimited","","2026-10-02T20:00:00.000Z","livesportsontv:1968302"
"455","2026-10-03 04:00","Sabtu","Volleyball","Women's College Volleyball","North Carolina Central - Morgan State","North Carolina Central","Morgan State","","","1","[US] MEAC Network","","[US] MEAC Network","2026-10-02T20:00:00.000Z","livesportsontv:1973333"
"456","2026-10-03 04:00","Sabtu","Equestrian","Horse Racing","Fall Stars Weekend","","","","","1","[US] NBCS Network","","[US] NBCS Network","2026-10-02T20:00:00.000Z","livesportsontv:1976594"
"457","2026-10-03 05:00","Sabtu","Soccer","CONCACAF Nations League","St. Kitts and Nevis - Cuba","St. Kitts and Nevis","Cuba","","","1","[US] FOX Soccer Plus","","[US] FOX Soccer Plus","2026-10-02T21:00:00.000Z","livesportsontv:1967435"
"458","2026-10-03 05:00","Sabtu","Volleyball","Women's College Volleyball","Fordham - Dayton","Fordham","Dayton","","","2","[US] ESPN Select, [US] ESPN Unlimited","[US] ESPN Select, [US] ESPN Unlimited","","2026-10-02T21:00:00.000Z","livesportsontv:1968276"
"459","2026-10-03 05:00","Sabtu","Volleyball","Women's College Volleyball","Seton Hall - Butler","Seton Hall","Butler","","","2","[US] ESPN Select, [US] ESPN Unlimited","[US] ESPN Select, [US] ESPN Unlimited","","2026-10-02T21:00:00.000Z","livesportsontv:1968277"
"460","2026-10-03 05:00","Sabtu","Golf","PGA Tour","Bank of Utah Championship","","","","","3","[US] Fubo Sports, [US] Golf Channel USA, [CA] Golf Channel Canada","[US] Fubo Sports","[US] Golf Channel USA, [CA] Golf Channel Canada","2026-10-02T21:00:00.000Z","livesportsontv:1976596"
"461","2026-10-03 05:45","Sabtu","Motorsports","Other","Lucas Oil Pittsburgher at Pittsburgh's Pennsylvania Motor Speedway","","","","","1","[US] FloRacing","","[US] FloRacing","2026-10-02T21:45:00.000Z","livesportsontv:1976599"
"462","2026-10-03 06:00","Sabtu","Ice Hockey","OHL","Cape Breton Eagles - Saint John Sea Dogs","Cape Breton Eagles","Saint John Sea Dogs","","","1","[US] FloHockey","","[US] FloHockey","2026-10-02T22:00:00.000Z","livesportsontv:1908637"
"463","2026-10-03 06:00","Sabtu","Ice Hockey","OHL","Moncton Wildcats - Halifax Mooseheads","Moncton Wildcats","Halifax Mooseheads","","","1","[US] FloHockey","","[US] FloHockey","2026-10-02T22:00:00.000Z","livesportsontv:1908638"
"464","2026-10-03 06:00","Sabtu","Soccer","Women's College Soccer","North Carolina - Notre Dame","North Carolina","Notre Dame","","","2","[US] ESPN Unlimited, [US] ACCN","[US] ESPN Unlimited","[US] ACCN","2026-10-02T22:00:00.000Z","livesportsontv:1963105"
"465","2026-10-03 06:00","Sabtu","Ice Hockey","Women's College Ice Hockey","Penn State - Robert Morris","Penn State","Robert Morris","","","1","[US] Big Ten Plus","","[US] Big Ten Plus","2026-10-02T22:00:00.000Z","livesportsontv:1965376"
"466","2026-10-03 06:00","Sabtu","Soccer","Women's College Soccer","Florida - LSU","Florida","LSU","","","2","[US] ESPN Unlimited, [US] SECN+","[US] ESPN Unlimited","[US] SECN+","2026-10-02T22:00:00.000Z","livesportsontv:1965402"
"467","2026-10-03 06:00","Sabtu","Soccer","College Soccer","Louisville - NC State","Louisville","NC State","","","2","[US] ESPN Unlimited, [US] ACCNX","[US] ESPN Unlimited","[US] ACCNX","2026-10-02T22:00:00.000Z","livesportsontv:1966505"
"468","2026-10-03 06:00","Sabtu","Volleyball","Women's College Volleyball","Syracuse - SMU","Syracuse","SMU","","","2","[US] ESPN Unlimited, [US] ACCNX","[US] ESPN Unlimited","[US] ACCNX","2026-10-02T22:00:00.000Z","livesportsontv:1966533"
"469","2026-10-03 06:00","Sabtu","Volleyball","Women's College Volleyball","Florida State - NC State","Florida State","NC State","","","2","[US] ESPN Unlimited, [US] ACCNX","[US] ESPN Unlimited","[US] ACCNX","2026-10-02T22:00:00.000Z","livesportsontv:1966534"
"470","2026-10-03 06:00","Sabtu","Soccer","Women's College Soccer","Boston College - SMU","Boston College","SMU","","","2","[US] ESPN Unlimited, [US] ACCNX","[US] ESPN Unlimited","[US] ACCNX","2026-10-02T22:00:00.000Z","livesportsontv:1966559"
"471","2026-10-03 06:00","Sabtu","Ice Hockey","Women's College Ice Hockey","Rensselaer - Northeastern","Rensselaer","Northeastern","","","2","[US] ESPN Select, [US] ESPN Unlimited","[US] ESPN Select, [US] ESPN Unlimited","","2026-10-02T22:00:00.000Z","livesportsontv:1967332"
"472","2026-10-03 06:00","Sabtu","Soccer","CONCACAF Nations League","Suriname - Guatemala","Suriname","Guatemala","","","4","[US] Fubo Sports, [US] FOX Sports 2, [US] FOX One, [CA] OneSoccer","[US] Fubo Sports","[US] FOX Sports 2, [US] FOX One, [CA] OneSoccer","2026-10-02T22:00:00.000Z","livesportsontv:1967436"
"473","2026-10-03 06:00","Sabtu","Ice Hockey","Women's College Ice Hockey","UConn - Clarkson","UConn","Clarkson","","","2","[US] ESPN Select, [US] ESPN Unlimited","[US] ESPN Select, [US] ESPN Unlimited","","2026-10-02T22:00:00.000Z","livesportsontv:1968215"
"474","2026-10-03 06:00","Sabtu","Volleyball","Women's College Volleyball","Florida Gulf Coast - Queens University","Florida Gulf Coast","Queens University","","","2","[US] ESPN Select, [US] ESPN Unlimited","[US] ESPN Select, [US] ESPN Unlimited","","2026-10-02T22:00:00.000Z","livesportsontv:1968279"
"475","2026-10-03 06:00","Sabtu","Volleyball","Women's College Volleyball","East Carolina - North Texas","East Carolina","North Texas","","","2","[US] ESPN Select, [US] ESPN Unlimited","[US] ESPN Select, [US] ESPN Unlimited","","2026-10-02T22:00:00.000Z","livesportsontv:1968280"
"476","2026-10-03 06:00","Sabtu","Volleyball","Women's College Volleyball","South Florida - Rice","South Florida","Rice","","","2","[US] ESPN Select, [US] ESPN Unlimited","[US] ESPN Select, [US] ESPN Unlimited","","2026-10-02T22:00:00.000Z","livesportsontv:1968281"
"477","2026-10-03 06:00","Sabtu","Volleyball","Women's College Volleyball","Charlotte - UTSA","Charlotte","UTSA","","","2","[US] ESPN Select, [US] ESPN Unlimited","[US] ESPN Select, [US] ESPN Unlimited","","2026-10-02T22:00:00.000Z","livesportsontv:1968282"
"478","2026-10-03 06:00","Sabtu","Ice Hockey","College Ice Hockey","St. Lawrence - Maryville","St. Lawrence","Maryville","","","2","[US] ESPN Select, [US] ESPN Unlimited","[US] ESPN Select, [US] ESPN Unlimited","","2026-10-02T22:00:00.000Z","livesportsontv:1969990"
"479","2026-10-03 06:00","Sabtu","Ice Hockey","Women's College Ice Hockey","Wisconsin - Boston University","Wisconsin","Boston University","","","1","[US] Big Ten Plus","","[US] Big Ten Plus","2026-10-02T22:00:00.000Z","livesportsontv:1970995"
"480","2026-10-03 06:00","Sabtu","Ice Hockey","Women's College Ice Hockey","Mercyhurst - Syracuse","Mercyhurst","Syracuse","","","1","[US] FloSports","","[US] FloSports","2026-10-02T22:00:00.000Z","livesportsontv:1973280"
"481","2026-10-03 06:00","Sabtu","Football","High School Football","O'Brien Tech at Cheney Tech","","","","","1","[US] WWAX","","[US] WWAX","2026-10-02T22:00:00.000Z","livesportsontv:1976600"
"482","2026-10-03 06:15","Sabtu","Soccer","Primera Division","Independiente - Instituto","Independiente","Instituto","","","2","[US] Fanatiz, [US] FOX Deportes","[US] Fanatiz","[US] FOX Deportes","2026-10-02T22:15:00.000Z","livesportsontv:1840160"
"483","2026-10-03 06:30","Sabtu","Ice Hockey","NHL","Detroit Red Wings - New York Rangers","Detroit Red Wings","New York Rangers","","","6","[US] Sling TV, [US] HBO Max, [US] TNT, [US] truTV, [US] SN One, [US] Show more","[US] Sling TV","[US] HBO Max, [US] TNT, [US] truTV, [US] SN One, [US] Show more","2026-10-02T22:30:00.000Z","livesportsontv:1929446"
"484","2026-10-03 06:30","Sabtu","Soccer","Women's College Soccer","University of Georgia - Texas A&M","University of Georgia","Texas A&M","","","2","[US] ESPN Unlimited, [US] SECN+","[US] ESPN Unlimited","[US] SECN+","2026-10-02T22:30:00.000Z","livesportsontv:1965403"
"485","2026-10-03 06:30","Sabtu","Soccer","College Soccer","Xavier - Marquette","Xavier","Marquette","","","2","[US] ESPN Select, [US] ESPN Unlimited","[US] ESPN Select, [US] ESPN Unlimited","","2026-10-02T22:30:00.000Z","livesportsontv:1967616"
"486","2026-10-03 07:00","Sabtu","Football","CFL","Ottawa RedBlacks - Hamilton Tiger-Cats","Ottawa RedBlacks","Hamilton Tiger-Cats","","","3","[US] CFL+ (US), [CA] TSN+, [CA] TSN5","","[US] CFL+ (US), [CA] TSN+, [CA] TSN5","2026-10-02T23:00:00.000Z","livesportsontv:1841836"
"487","2026-10-03 07:00","Sabtu","Ice Hockey","OHL","Brantford Bulldogs - Brampton Steelheads","Brantford Bulldogs","Brampton Steelheads","","","1","[US] FloHockey","","[US] FloHockey","2026-10-02T23:00:00.000Z","livesportsontv:1908170"
"488","2026-10-03 07:00","Sabtu","Ice Hockey","OHL","Kitchener Rangers - Saginaw Spirit","Kitchener Rangers","Saginaw Spirit","","","1","[US] FloHockey","","[US] FloHockey","2026-10-02T23:00:00.000Z","livesportsontv:1908171"
"489","2026-10-03 07:00","Sabtu","Ice Hockey","OHL","London Knights - North Bay Battalion","London Knights","North Bay Battalion","","","1","[US] FloHockey","","[US] FloHockey","2026-10-02T23:00:00.000Z","livesportsontv:1908172"
"490","2026-10-03 07:00","Sabtu","Ice Hockey","OHL","Baie-Comeau Drakkar - Charlottetown Islanders","Baie-Comeau Drakkar","Charlottetown Islanders","","","1","[US] FloHockey","","[US] FloHockey","2026-10-02T23:00:00.000Z","livesportsontv:1908639"
"491","2026-10-03 07:00","Sabtu","Ice Hockey","OHL","Blainville-Boisbriand Armada - Quebec Remparts","Blainville-Boisbriand Armada","Quebec Remparts","","","1","[US] FloHockey","","[US] FloHockey","2026-10-02T23:00:00.000Z","livesportsontv:1908640"
"492","2026-10-03 07:00","Sabtu","Ice Hockey","OHL","Sherbrooke Phoenix - Rimouski Oceanic","Sherbrooke Phoenix","Rimouski Oceanic","","","1","[US] FloHockey","","[US] FloHockey","2026-10-02T23:00:00.000Z","livesportsontv:1908641"
"493","2026-10-03 07:00","Sabtu","Ice Hockey","USHL","Youngstown Phantoms - Fargo Force","Youngstown Phantoms","Fargo Force","","","1","[US] FloHockey","","[US] FloHockey","2026-10-02T23:00:00.000Z","livesportsontv:1909386"
"494","2026-10-03 07:00","Sabtu","Soccer","USL Super League","Brooklyn FC - Fort Lauderdale United","Brooklyn FC","Fort Lauderdale United","","","1","[US] Peacock","[US] Peacock","","2026-10-02T23:00:00.000Z","livesportsontv:1919991"
"495","2026-10-03 07:00","Sabtu","Ice Hockey","AHL","Belleville Senators - Hamilton","Belleville Senators","Hamilton","","","1","[US] FloHockey","","[US] FloHockey","2026-10-02T23:00:00.000Z","livesportsontv:1921998"
"496","2026-10-03 07:00","Sabtu","Ice Hockey","AHL","Cleveland Monsters - Grand Rapids Griffins","Cleveland Monsters","Grand Rapids Griffins","","","1","[US] FloHockey","","[US] FloHockey","2026-10-02T23:00:00.000Z","livesportsontv:1922000"
"497","2026-10-03 07:00","Sabtu","Ice Hockey","AHL","Laval Rocket - Syracuse Crunch","Laval Rocket","Syracuse Crunch","","","2","[US] FloHockey, [CA] RDS","","[US] FloHockey, [CA] RDS","2026-10-02T23:00:00.000Z","livesportsontv:1922002"
"498","2026-10-03 07:00","Sabtu","Ice Hockey","NHL","Carolina Hurricanes - Washington Capitals","Carolina Hurricanes","Washington Capitals","","","6","[US] ESPN Select, [US] ESPN Unlimited, [US] Monumental SN, [CA] Sportsnet, [CA] SN NOW, [US] Show more","[US] ESPN Select, [US] ESPN Unlimited","[US] Monumental SN, [CA] Sportsnet, [CA] SN NOW, [US] Show more","2026-10-02T23:00:00.000Z","livesportsontv:1929447"
"499","2026-10-03 07:00","Sabtu","Football","College Football","Virginia Tech - Pittsburgh","Virginia Tech","Pittsburgh","","","5","[US] Fubo Sports, [US] ESPN Unlimited, [US] ESPN, [CA] TSN+, [CA] TSN2","[US] Fubo Sports, [US] ESPN Unlimited","[US] ESPN, [CA] TSN+, [CA] TSN2","2026-10-02T23:00:00.000Z","livesportsontv:1948983"
"500","2026-10-03 07:00","Sabtu","Football","College Football","University of Delaware - Liberty","University of Delaware","Liberty","","","2","[US] Fubo Sports, [US] CBSSN","[US] Fubo Sports","[US] CBSSN","2026-10-02T23:00:00.000Z","livesportsontv:1949126"
"501","2026-10-03 07:00","Sabtu","Ice Hockey","Women's College Ice Hockey","Bemidji State - Minnesota","Bemidji State","Minnesota","","","2","[US] MyTV, [US] Big Ten Plus","","[US] MyTV, [US] Big Ten Plus","2026-10-02T23:00:00.000Z","livesportsontv:1962415"
"502","2026-10-03 07:00","Sabtu","Ice Hockey","Women's College Ice Hockey","Minnesota State - St. Cloud State","Minnesota State","St. Cloud State","","","1","[US] Big Ten Plus","","[US] Big Ten Plus","2026-10-02T23:00:00.000Z","livesportsontv:1962416"
"503","2026-10-03 07:00","Sabtu","Soccer","College Soccer","Rutgers - Northwestern","Rutgers","Northwestern","","","1","[US] Big Ten Plus","","[US] Big Ten Plus","2026-10-02T23:00:00.000Z","livesportsontv:1962418"
"504","2026-10-03 07:00","Sabtu","Soccer","College Soccer","Penn State - Ohio State","Penn State","Ohio State","","","1","[US] Big Ten Plus","","[US] Big Ten Plus","2026-10-02T23:00:00.000Z","livesportsontv:1962419"
"505","2026-10-03 07:00","Sabtu","Soccer","Women's College Soccer","Mississippi State - South Carolina","Mississippi State","South Carolina","","","2","[US] ESPN Unlimited, [US] ESPN U","[US] ESPN Unlimited","[US] ESPN U","2026-10-02T23:00:00.000Z","livesportsontv:1963106"
"506","2026-10-03 07:00","Sabtu","Soccer","Women's College Soccer","Vanderbilt - Kentucky","Vanderbilt","Kentucky","","","2","[US] ESPN Unlimited, [US] SECN+","[US] ESPN Unlimited","[US] SECN+","2026-10-02T23:00:00.000Z","livesportsontv:1965404"
"507","2026-10-03 07:00","Sabtu","Soccer","College Soccer","Duke - Stanford","Duke","Stanford","","","2","[US] ESPN Unlimited, [US] ACCNX","[US] ESPN Unlimited","[US] ACCNX","2026-10-02T23:00:00.000Z","livesportsontv:1966494"
"508","2026-10-03 07:00","Sabtu","Soccer","College Soccer","Clemson - UNC Wilmington","Clemson","UNC Wilmington","","","2","[US] ESPN Unlimited, [US] ACCNX","[US] ESPN Unlimited","[US] ACCNX","2026-10-02T23:00:00.000Z","livesportsontv:1966506"
"509","2026-10-03 07:00","Sabtu","Soccer","College Soccer","Syracuse - Pittsburgh","Syracuse","Pittsburgh","","","2","[US] ESPN Unlimited, [US] ACCNX","[US] ESPN Unlimited","[US] ACCNX","2026-10-02T23:00:00.000Z","livesportsontv:1966507"
"510","2026-10-03 07:00","Sabtu","Soccer","College Soccer","Wake Forest - SMU","Wake Forest","SMU","","","2","[US] ESPN Unlimited, [US] ACCNX","[US] ESPN Unlimited","[US] ACCNX","2026-10-02T23:00:00.000Z","livesportsontv:1966508"
"511","2026-10-03 07:00","Sabtu","Ice Hockey","College Ice Hockey","Quinnipiac - New Hampshire","Quinnipiac","New Hampshire","","","2","[US] ESPN Select, [US] ESPN Unlimited","[US] ESPN Select, [US] ESPN Unlimited","","2026-10-02T23:00:00.000Z","livesportsontv:1967275"
"512","2026-10-03 07:00","Sabtu","Ice Hockey","College Ice Hockey","Holy Cross - Maine","Holy Cross","Maine","","","3","[US] ESPN Select, [US] ESPN Unlimited, [US] NESN Plus","[US] ESPN Select, [US] ESPN Unlimited","[US] NESN Plus","2026-10-02T23:00:00.000Z","livesportsontv:1967583"
"513","2026-10-03 07:00","Sabtu","Soccer","Women's College Soccer","McNeese - Nicholls","McNeese","Nicholls","","","2","[US] ESPN Select, [US] ESPN Unlimited","[US] ESPN Select, [US] ESPN Unlimited","","2026-10-02T23:00:00.000Z","livesportsontv:1967854"
"514","2026-10-03 07:00","Sabtu","Soccer","Women's College Soccer","Dayton - La Salle","Dayton","La Salle","","","2","[US] ESPN Select, [US] ESPN Unlimited","[US] ESPN Select, [US] ESPN Unlimited","","2026-10-02T23:00:00.000Z","livesportsontv:1967862"
"515","2026-10-03 07:00","Sabtu","Soccer","Women's College Soccer","Georgia State - Arkansas State","Georgia State","Arkansas State","","","2","[US] ESPN Select, [US] ESPN Unlimited","[US] ESPN Select, [US] ESPN Unlimited","","2026-10-02T23:00:00.000Z","livesportsontv:1967863"
"516","2026-10-03 07:00","Sabtu","Soccer","Women's College Soccer","Tulsa - Charlotte","Tulsa","Charlotte","","","2","[US] ESPN Select, [US] ESPN Unlimited","[US] ESPN Select, [US] ESPN Unlimited","","2026-10-02T23:00:00.000Z","livesportsontv:1967864"
"517","2026-10-03 07:00","Sabtu","Ice Hockey","College Ice Hockey","Niagara - RIT","Niagara","RIT","","","1","[US] FloSports","","[US] FloSports","2026-10-02T23:00:00.000Z","livesportsontv:1973223"
"518","2026-10-03 07:00","Sabtu","Basketball","Men's College Basketball","Michigan State - Incarnate Word","Michigan State","Incarnate Word","","","1","[US] Big Ten Plus","","[US] Big Ten Plus","2026-10-02T23:00:00.000Z","livesportsontv:1976613"
"519","2026-10-03 07:00","Sabtu","Soccer","Northern Super League","Montréal Roses - Ottawa Rapid","Montréal Roses","Ottawa Rapid","","","4","[US] ESPN Select, [US] ESPN Unlimited, [CA] TSN+, [CA] RDS 2","[US] ESPN Select, [US] ESPN Unlimited","[CA] TSN+, [CA] RDS 2","2026-10-02T23:00:00.000Z","livesportsontv:1976614"
"520","2026-10-03 07:05","Sabtu","Ice Hockey","OHL","Kingston Frontenacs - Peterborough Petes","Kingston Frontenacs","Peterborough Petes","","","1","[US] FloHockey","","[US] FloHockey","2026-10-02T23:05:00.000Z","livesportsontv:1908173"
"521","2026-10-03 07:05","Sabtu","Ice Hockey","OHL","Oshawa Generals - Ottawa 67s","Oshawa Generals","Ottawa 67s","","","1","[US] FloHockey","","[US] FloHockey","2026-10-02T23:05:00.000Z","livesportsontv:1908174"
"522","2026-10-03 07:05","Sabtu","Ice Hockey","OHL","Sarnia Sting - Sault Ste. Marie Greyhounds","Sarnia Sting","Sault Ste. Marie Greyhounds","","","1","[US] FloHockey","","[US] FloHockey","2026-10-02T23:05:00.000Z","livesportsontv:1908175"
"523","2026-10-03 07:05","Sabtu","Ice Hockey","OHL","Sudbury Wolves - Niagara IceDogs","Sudbury Wolves","Niagara IceDogs","","","1","[US] FloHockey","","[US] FloHockey","2026-10-02T23:05:00.000Z","livesportsontv:1908176"
"524","2026-10-03 07:05","Sabtu","Ice Hockey","AHL","Providence Bruins - Utica Comets","Providence Bruins","Utica Comets","","","1","[US] FloHockey","","[US] FloHockey","2026-10-02T23:05:00.000Z","livesportsontv:1922003"
"525","2026-10-03 07:05","Sabtu","Ice Hockey","AHL","Rochester Americans - Toronto Marlies","Rochester Americans","Toronto Marlies","","","1","[US] FloHockey","","[US] FloHockey","2026-10-02T23:05:00.000Z","livesportsontv:1922004"
"526","2026-10-03 07:07","Sabtu","Ice Hockey","OHL","Guelph Storm - Windsor Spitfires","Guelph Storm","Windsor Spitfires","","","1","[US] FloHockey","","[US] FloHockey","2026-10-02T23:07:00.000Z","livesportsontv:1908177"
"527","2026-10-03 07:07","Sabtu","Ice Hockey","College Ice Hockey","Michigan Tech - Minnesota","Michigan Tech","Minnesota","","","1","[US] Midco Sports Plus","","[US] Midco Sports Plus","2026-10-02T23:07:00.000Z","livesportsontv:1973225"
"528","2026-10-03 07:07","Sabtu","Ice Hockey","College Ice Hockey","Northern Michigan - Miami (OH)","Northern Michigan","Miami (OH)","","","1","[US] Midco Sports Plus","","[US] Midco Sports Plus","2026-10-02T23:07:00.000Z","livesportsontv:1973226"
"529","2026-10-03 07:10","Sabtu","Ice Hockey","USHL","Muskegon Lumberjacks - Madison Capitols","Muskegon Lumberjacks","Madison Capitols","","","1","[US] FloHockey","","[US] FloHockey","2026-10-02T23:10:00.000Z","livesportsontv:1909387"
"530","2026-10-03 07:35","Sabtu","Ice Hockey","USHL","Waterloo Black Hawks - Dubuque Fighting Saints","Waterloo Black Hawks","Dubuque Fighting Saints","","","1","[US] FloHockey","","[US] FloHockey","2026-10-02T23:35:00.000Z","livesportsontv:1909388"
"531","2026-10-03 08:00","Sabtu","Soccer","NWSL","Orlando Pride - San Diego Wave","Orlando Pride","San Diego Wave","","","1","[US] Prime Video","","[US] Prime Video","2026-10-03T00:00:00.000Z","livesportsontv:1855508"
"532","2026-10-03 08:00","Sabtu","Ice Hockey","AHL","Texas Stars - Iowa Wild","Texas Stars","Iowa Wild","","","1","[US] FloHockey","","[US] FloHockey","2026-10-03T00:00:00.000Z","livesportsontv:1922005"
"533","2026-10-03 08:00","Sabtu","Ice Hockey","NHL","Winnipeg Jets - Boston Bruins","Winnipeg Jets","Boston Bruins","","","6","[US] ESPN Select, [US] ESPN Unlimited, [US] NESN, [CA] Sportsnet+, [CA] TSN+, [US] Show more","[US] ESPN Select, [US] ESPN Unlimited","[US] NESN, [CA] Sportsnet+, [CA] TSN+, [US] Show more","2026-10-03T00:00:00.000Z","livesportsontv:1929448"
"534","2026-10-03 08:00","Sabtu","Football","College Football","Northwestern - Penn State","Northwestern","Penn State","","","2","[US] Fubo Sports, [US] FOX","[US] Fubo Sports","[US] FOX","2026-10-03T00:00:00.000Z","livesportsontv:1948984"
"535","2026-10-03 08:00","Sabtu","Soccer","International Friendly","Colombia - Paraguay","Colombia","Paraguay","","","1","[US] In Demand 1","","[US] In Demand 1","2026-10-03T00:00:00.000Z","livesportsontv:1963208"
"536","2026-10-03 08:00","Sabtu","Golf","LPGA Tour","Lotte Championship","","","","","3","[US] Fubo Sports, [US] Golf Channel USA, [CA] Golf Channel Canada","[US] Fubo Sports","[US] Golf Channel USA, [CA] Golf Channel Canada","2026-10-03T00:00:00.000Z","livesportsontv:1966376"
"537","2026-10-03 08:00","Sabtu","Soccer","CONCACAF Nations League","Barbados - Bermuda","Barbados","Bermuda","","","1","[US] FOX Soccer Plus","","[US] FOX Soccer Plus","2026-10-03T00:00:00.000Z","livesportsontv:1967437"
"538","2026-10-03 08:00","Sabtu","Soccer","CONCACAF Nations League","Bonaire - Grenada","Bonaire","Grenada","","","2","[US] FOX One, [US] Tubi","","[US] FOX One, [US] Tubi","2026-10-03T00:00:00.000Z","livesportsontv:1967438"
"539","2026-10-03 08:00","Sabtu","Soccer","CONCACAF Nations League","Martinique - Honduras","Martinique","Honduras","","","3","[US] Fubo Sports, [US] FOX Sports 2, [CA] OneSoccer","[US] Fubo Sports","[US] FOX Sports 2, [CA] OneSoccer","2026-10-03T00:00:00.000Z","livesportsontv:1967439"
"540","2026-10-03 08:05","Sabtu","Ice Hockey","USHL","Cedar Rapids - Chicago Steel","Cedar Rapids","Chicago Steel","","","1","[US] FloHockey","","[US] FloHockey","2026-10-03T00:05:00.000Z","livesportsontv:1909389"
"541","2026-10-03 08:05","Sabtu","Ice Hockey","USHL","Des Moines Buccaneers - Omaha Lancers","Des Moines Buccaneers","Omaha Lancers","","","1","[US] FloHockey","","[US] FloHockey","2026-10-03T00:05:00.000Z","livesportsontv:1909390"
"542","2026-10-03 08:05","Sabtu","Ice Hockey","USHL","Lincoln Stars - Tri-City Storm","Lincoln Stars","Tri-City Storm","","","1","[US] FloHockey","","[US] FloHockey","2026-10-03T00:05:00.000Z","livesportsontv:1909391"
"543","2026-10-03 08:05","Sabtu","Ice Hockey","USHL","Sioux City - Sioux Falls Stampede","Sioux City","Sioux Falls Stampede","","","1","[US] FloHockey","","[US] FloHockey","2026-10-03T00:05:00.000Z","livesportsontv:1909392"
"544","2026-10-03 08:30","Sabtu","Soccer","Primera Division","Boca Juniors - Unión","Boca Juniors","Unión","","","1","[US] Fanatiz","[US] Fanatiz","","2026-10-03T00:30:00.000Z","livesportsontv:1840154"
"545","2026-10-03 08:30","Sabtu","Soccer","Primera Division","Independiente Rivadavia - Gimnasia La Plata","Independiente Rivadavia","Gimnasia La Plata","","","1","[US] Fanatiz","[US] Fanatiz","","2026-10-03T00:30:00.000Z","livesportsontv:1840161"
"546","2026-10-03 08:45","Sabtu","Soccer","Primera A","Deportivo Cali - Alianza Petrolera","Deportivo Cali","Alianza Petrolera","","","2","[US] Fanatiz, [US] FOX Deportes","[US] Fanatiz","[US] FOX Deportes","2026-10-03T00:45:00.000Z","livesportsontv:1898836"
"547","2026-10-03 09:00","Sabtu","Ice Hockey","AHL","Calgary Wranglers - Abbotsford Canucks","Calgary Wranglers","Abbotsford Canucks","","","1","[US] FloHockey","","[US] FloHockey","2026-10-03T01:00:00.000Z","livesportsontv:1921999"
"548","2026-10-03 09:00","Sabtu","Ice Hockey","NHL","Dallas Stars - St. Louis Blues","Dallas Stars","St. Louis Blues","","","6","[US] Sling TV, [US] HBO Max, [US] TNT, [US] truTV, [US] SN One, [US] Show more","[US] Sling TV","[US] HBO Max, [US] TNT, [US] truTV, [US] SN One, [US] Show more","2026-10-03T01:00:00.000Z","livesportsontv:1929449"
"549","2026-10-03 09:00","Sabtu","Soccer","Liga MX Femenil","Pumas UNAM - Tigres UANL","Pumas UNAM","Tigres UANL","","","1","[US] TUDN","","[US] TUDN","2026-10-03T01:00:00.000Z","livesportsontv:1935498"
"550","2026-10-03 09:00","Sabtu","Ice Hockey","OHL","Edmonton Oil Kings - Regina Pats","Edmonton Oil Kings","Regina Pats","","","1","[US] FloHockey","","[US] FloHockey","2026-10-03T01:00:00.000Z","livesportsontv:1958084"
"551","2026-10-03 09:00","Sabtu","Ice Hockey","OHL","Lethbridge Hurricanes - Prince Albert Raiders","Lethbridge Hurricanes","Prince Albert Raiders","","","1","[US] FloHockey","","[US] FloHockey","2026-10-03T01:00:00.000Z","livesportsontv:1958085"
"552","2026-10-03 09:00","Sabtu","Ice Hockey","OHL","Saskatoon Blades - Red Deer Rebels","Saskatoon Blades","Red Deer Rebels","","","1","[US] FloHockey","","[US] FloHockey","2026-10-03T01:00:00.000Z","livesportsontv:1958086"
"553","2026-10-03 09:30","Sabtu","Football","CFL","Saskatchewan Roughriders - Calgary Stampeders","Saskatchewan Roughriders","Calgary Stampeders","","","4","[US] CFL+ (US), [CA] TSN+, [CA] TSN1, [CA] TSN4","","[US] CFL+ (US), [CA] TSN+, [CA] TSN1, [CA] TSN4","2026-10-03T01:30:00.000Z","livesportsontv:1841837"
"554","2026-10-03 10:00","Sabtu","Soccer","NWSL","Seattle Reign FC - North Carolina Courage","Seattle Reign FC","North Carolina Courage","","","1","[US] NWSL+","","[US] NWSL+","2026-10-03T02:00:00.000Z","livesportsontv:1855509"
"555","2026-10-03 10:00","Sabtu","Ice Hockey","AHL","Coachella Valley Firebirds - Ontario Reign","Coachella Valley Firebirds","Ontario Reign","","","1","[US] FloHockey","","[US] FloHockey","2026-10-03T02:00:00.000Z","livesportsontv:1922001"
"556","2026-10-03 10:00","Sabtu","Ice Hockey","NHL","Vegas Golden Knights - Anaheim Ducks","Vegas Golden Knights","Anaheim Ducks","","","6","[US] ESPN Select, [US] ESPN Unlimited, [US] Prime Video, [US] Scripps 66, [US] Fox 11 Plus, [US] Show more","[US] ESPN Select, [US] ESPN Unlimited","[US] Prime Video, [US] Scripps 66, [US] Fox 11 Plus, [US] Show more","2026-10-03T02:00:00.000Z","livesportsontv:1929450"
"557","2026-10-03 10:00","Sabtu","Ice Hockey","OHL","Portland Winterhawks - Spokane Chiefs","Portland Winterhawks","Spokane Chiefs","","","1","[US] FloHockey","","[US] FloHockey","2026-10-03T02:00:00.000Z","livesportsontv:1958087"
"558","2026-10-03 10:00","Sabtu","Ice Hockey","OHL","Prince George Cougars - Brandon Wheat Kings","Prince George Cougars","Brandon Wheat Kings","","","1","[US] FloHockey","","[US] FloHockey","2026-10-03T02:00:00.000Z","livesportsontv:1958088"
"559","2026-10-03 10:00","Sabtu","Soccer","CONCACAF Nations League","El Salvador - Jamaica","El Salvador","Jamaica","","","3","[US] Fubo Sports, [US] FOX Sports 2, [CA] OneSoccer","[US] Fubo Sports","[US] FOX Sports 2, [CA] OneSoccer","2026-10-03T02:00:00.000Z","livesportsontv:1967440"
"560","2026-10-03 10:00","Sabtu","Tennis","ATP","Japan Open","","","","","2","[US] Tennis Channel, [CA] TSN+","","[US] Tennis Channel, [CA] TSN+","2026-10-03T02:00:00.000Z","livesportsontv:1974787"
"561","2026-10-03 10:05","Sabtu","Ice Hockey","OHL","Kelowna Rockets - Kamloops Blazers","Kelowna Rockets","Kamloops Blazers","","","1","[US] FloHockey","","[US] FloHockey","2026-10-03T02:05:00.000Z","livesportsontv:1958089"
"562","2026-10-03 10:05","Sabtu","Ice Hockey","OHL","Penticton Vees - Vancouver Giants","Penticton Vees","Vancouver Giants","","","1","[US] FloHockey","","[US] FloHockey","2026-10-03T02:05:00.000Z","livesportsontv:1958090"
"563","2026-10-03 10:05","Sabtu","Ice Hockey","OHL","Seattle Thunderbirds - Wenatchee Wild","Seattle Thunderbirds","Wenatchee Wild","","","1","[US] FloHockey","","[US] FloHockey","2026-10-03T02:05:00.000Z","livesportsontv:1958091"
"564","2026-10-03 10:05","Sabtu","Ice Hockey","OHL","Victoria Royals - Swift Current Broncos","Victoria Royals","Swift Current Broncos","","","1","[US] FloHockey","","[US] FloHockey","2026-10-03T02:05:00.000Z","livesportsontv:1958092"
"565","2026-10-03 10:30","Sabtu","Football","College Football","Idaho - Montana State","Idaho","Montana State","","","4","[US] Fubo Sports, [US] ESPN Unlimited, [US] ESPN, [CA] TSN+","[US] Fubo Sports, [US] ESPN Unlimited","[US] ESPN, [CA] TSN+","2026-10-03T02:30:00.000Z","livesportsontv:1948985"
"566","2026-10-03 11:00","Sabtu","Soccer","Liga MX Femenil","Monterrey - América","Monterrey","América","","","1","[US] TUDN","","[US] TUDN","2026-10-03T03:00:00.000Z","livesportsontv:1935500"
"567","2026-10-03 11:00","Sabtu","Tennis","WTA","China Open","","","","","3","[CA] TSN+, [CA] TSN2, [CA] DAZN Canada","[CA] DAZN Canada","[CA] TSN+, [CA] TSN2","2026-10-03T03:00:00.000Z","livesportsontv:1966005"
"568","2026-10-03 11:00","Sabtu","Tennis","ATP","China Open","","","","","1","[CA] TSN+","","[CA] TSN+","2026-10-03T03:00:00.000Z","livesportsontv:1971838"
"569","2026-10-03 12:30","Sabtu","Motorsports","Formula 1","Bahrain Grand Prix","","","","","1","[US] Apple TV","[US] Apple TV","","2026-10-03T04:30:00.000Z","livesportsontv:1939243"
"570","2026-10-03 14:00","Sabtu","Motorsports","World Rally Championship","Rally Italia Sardegna","","","","","2","[US] DAZN, [CA] DAZN Canada","[US] DAZN, [CA] DAZN Canada","","2026-10-03T06:00:00.000Z","livesportsontv:1973611"
"571","2026-10-03 15:00","Sabtu","Cycling","BMX Cycling","BMX World Cup","","","","","2","[US] Sling TV, [US] HBO Max","[US] Sling TV","[US] HBO Max","2026-10-03T07:00:00.000Z","livesportsontv:1974781"
"572","2026-10-03 16:00","Sabtu","Motorsports","Formula 1","Bahrain Grand Prix","","","","","5","[US] Apple TV, [CA] TSN+, [CA] RDS, [CA] TSN1, [CA] TSN5","[US] Apple TV","[CA] TSN+, [CA] RDS, [CA] TSN1, [CA] TSN5","2026-10-03T08:00:00.000Z","livesportsontv:1939244"
"573","2026-10-03 17:00","Sabtu","Baseball","NPB","Chiba Lotte Marines - Fukuoka","Chiba Lotte Marines","Fukuoka","","","1","[US] Next Level Sports","","[US] Next Level Sports","2026-10-03T09:00:00.000Z","livesportsontv:1965870"
"574","2026-10-03 17:00","Sabtu","Fighting","Bare Knuckle Fighting","BKFC Fight Night","","","","","1","[US] Fight Network USA","","[US] Fight Network USA","2026-10-03T09:00:00.000Z","livesportsontv:1971807"
"575","2026-10-03 19:00","Sabtu","Cycling","Men's Road Cycling","Münsterland Giro","","","","","2","[US] Sling TV, [US] HBO Max","[US] Sling TV","[US] HBO Max","2026-10-03T11:00:00.000Z","livesportsontv:1964822"
"576","2026-10-03 19:00","Sabtu","Golf","DP World Tour","Alfred Dunhill Links Championship","","","","","3","[US] Fubo Sports, [US] Golf Channel USA, [CA] Golf Channel Canada","[US] Fubo Sports","[US] Golf Channel USA, [CA] Golf Channel Canada","2026-10-03T11:00:00.000Z","livesportsontv:1966377"
"577","2026-10-03 19:30","Sabtu","Soccer","League Two","Chesterfield - Tranmere Rovers","Chesterfield","Tranmere Rovers","","","1","[CA] DAZN Canada","[CA] DAZN Canada","","2026-10-03T11:30:00.000Z","livesportsontv:1911951"
"578","2026-10-03 19:45","Sabtu","Rugby Union","United Rugby Championship","Lions - Ospreys","Lions","Ospreys","","","3","[CA] SN World, [CA] SN NOW, [CA] Sportsnet+","","[CA] SN World, [CA] SN NOW, [CA] Sportsnet+","2026-10-03T11:45:00.000Z","livesportsontv:1896276"
"579","2026-10-03 20:00","Sabtu","Soccer","LaLiga2","Albacete - Eibar","Albacete","Eibar","","","2","[US] ESPN Select, [US] ESPN Unlimited","[US] ESPN Select, [US] ESPN Unlimited","","2026-10-03T12:00:00.000Z","livesportsontv:1918235"
"580","2026-10-03 20:00","Sabtu","Cycling","Men's Road Cycling","Giro dell'Emilia","","","","","2","[US] Sling TV, [US] HBO Max","[US] Sling TV","[US] HBO Max","2026-10-03T12:00:00.000Z","livesportsontv:1964823"
"581","2026-10-03 20:10","Sabtu","Fighting","Muay Thai","Rajadamnern World Series","","","","","2","[US] DAZN, [CA] DAZN Canada","[US] DAZN, [CA] DAZN Canada","","2026-10-03T12:10:00.000Z","livesportsontv:1974796"
"582","2026-10-03 20:30","Sabtu","Soccer","Women's Super League","Manchester United - Liverpool","Manchester United","Liverpool","","","3","[US] Paramount+, [US] SN One, [CA] SN NOW","","[US] Paramount+, [US] SN One, [CA] SN NOW","2026-10-03T12:30:00.000Z","livesportsontv:1937421"
"583","2026-10-03 20:30","Sabtu","Motorsports","World Rally Championship","Rally Italia Sardegna","","","","","2","[US] DAZN, [CA] DAZN Canada","[US] DAZN, [CA] DAZN Canada","","2026-10-03T12:30:00.000Z","livesportsontv:1974797"
"584","2026-10-03 21:00","Sabtu","Soccer","UEFA Nations League","Finland - Albania","Finland","Albania","","","3","[US] Fubo Sports, [US] FOX Sports 2, [CA] DAZN Canada","[US] Fubo Sports, [CA] DAZN Canada","[US] FOX Sports 2","2026-10-03T13:00:00.000Z","livesportsontv:1908046"
"585","2026-10-03 21:00","Sabtu","Soccer","Serie A Women","Fiorentina - Sassuolo","Fiorentina","Sassuolo","","","2","[US] Fubo Sports, [US] FOX Soccer Plus","[US] Fubo Sports","[US] FOX Soccer Plus","2026-10-03T13:00:00.000Z","livesportsontv:1939740"
"586","2026-10-03 21:52","Sabtu","Swimming","Swimming World Cup","Swimming World Cup","","","","","1","[US] Peacock","[US] Peacock","","2026-10-03T13:52:00.000Z","livesportsontv:1965698"
"587","2026-10-03 22:00","Sabtu","Rugby Union","United Rugby Championship","Dragons - Scarlets","Dragons","Scarlets","","","1","[CA] Sportsnet+","","[CA] Sportsnet+","2026-10-03T14:00:00.000Z","livesportsontv:1896277"
"588","2026-10-03 22:00","Sabtu","Soccer","League One","Burton Albion - Huddersfield Town","Burton Albion","Huddersfield Town","","","1","[US] Paramount+","","[US] Paramount+","2026-10-03T14:00:00.000Z","livesportsontv:1911753"
"589","2026-10-03 22:00","Sabtu","Soccer","League One","Leyton Orient - Plymouth Argyle","Leyton Orient","Plymouth Argyle","","","1","[US] Paramount+","","[US] Paramount+","2026-10-03T14:00:00.000Z","livesportsontv:1911754"
"590","2026-10-03 22:00","Sabtu","Soccer","League One","Reading - Bradford City","Reading","Bradford City","","","3","[US] Fubo Sports, [US] Paramount+, [US] CBSSN","[US] Fubo Sports","[US] Paramount+, [US] CBSSN","2026-10-03T14:00:00.000Z","livesportsontv:1911758"
"591","2026-10-03 22:00","Sabtu","Soccer","League Two","Crewe Alexandra - Bristol Rovers","Crewe Alexandra","Bristol Rovers","","","1","[US] Paramount+","","[US] Paramount+","2026-10-03T14:00:00.000Z","livesportsontv:1912083"
"592","2026-10-03 22:00","Sabtu","Soccer","League Two","Grimsby Town - Shrewsbury Town","Grimsby Town","Shrewsbury Town","","","1","[US] Paramount+","","[US] Paramount+","2026-10-03T14:00:00.000Z","livesportsontv:1912086"
"593","2026-10-03 22:00","Sabtu","Soccer","League Two","Salford City - Fleetwood Town","Salford City","Fleetwood Town","","","1","[US] Paramount+","","[US] Paramount+","2026-10-03T14:00:00.000Z","livesportsontv:1912089"
"594","2026-10-03 22:00","Sabtu","Soccer","National League","Aldershot Town - Carlisle United","Aldershot Town","Carlisle United","","","2","[US] DAZN, [CA] DAZN Canada","[US] DAZN, [CA] DAZN Canada","","2026-10-03T14:00:00.000Z","livesportsontv:1940772"
"595","2026-10-03 22:00","Sabtu","Soccer","National League","Barrow - Wealdstone","Barrow","Wealdstone","","","2","[US] DAZN, [CA] DAZN Canada","[US] DAZN, [CA] DAZN Canada","","2026-10-03T14:00:00.000Z","livesportsontv:1940773"
"596","2026-10-03 22:00","Sabtu","Soccer","National League","Boreham Wood - Altrincham","Boreham Wood","Altrincham","","","2","[US] DAZN, [CA] DAZN Canada","[US] DAZN, [CA] DAZN Canada","","2026-10-03T14:00:00.000Z","livesportsontv:1940774"
"597","2026-10-03 22:00","Sabtu","Soccer","National League","Eastleigh - Woking","Eastleigh","Woking","","","2","[US] DAZN, [CA] DAZN Canada","[US] DAZN, [CA] DAZN Canada","","2026-10-03T14:00:00.000Z","livesportsontv:1940775"
"598","2026-10-03 22:00","Sabtu","Soccer","National League","Gateshead - Worthing","Gateshead","Worthing","","","2","[US] DAZN, [CA] DAZN Canada","[US] DAZN, [CA] DAZN Canada","","2026-10-03T14:00:00.000Z","livesportsontv:1940776"
"599","2026-10-03 22:05","Sabtu","Rugby Union","Premiership Rugby","Bristol - Northampton Saints","Bristol","Northampton Saints","","","3","[CA] SN World, [CA] SN NOW, [CA] Sportsnet+","","[CA] SN World, [CA] SN NOW, [CA] Sportsnet+","2026-10-03T14:05:00.000Z","livesportsontv:1936401"
"600","2026-10-03 22:15","Sabtu","Soccer","LaLiga2","Almería - Burgos","Almería","Burgos","","","2","[US] ESPN Select, [US] ESPN Unlimited","[US] ESPN Select, [US] ESPN Unlimited","","2026-10-03T14:15:00.000Z","livesportsontv:1918236"
